,/occupation/occupation_name_short_singular,/occupation/quick_facts/qf_median_pay_annual/value,/occupation/what_they_do/section_body,/occupation/how_to_become_one/section_body,/occupation/summary_work_environment,/occupation/similar_occupations/section_body
0,Accountant or Auditor,79880.0,"Accountants and auditors prepare and examine financial records, identify potential areas of opportunity and risk, and provide solutions for businesses and individuals. They ensure that financial records are accurate, that financial and data risks are evaluated, and that taxes are paid properly. They also assess financial operations and work to help ensure that organizations run efficiently.   Examine financial statements to ensure that they are accurate and comply with laws and regulations Government accountants ","Accountants and auditors typically need at least a bachelor’s degree in accounting or a related field to enter the occupation. Completing certification in a specific field of accounting, such as becoming a licensed Certified Public Accountant (CPA), may improve job prospects.     Analytical and critical-thinking skills.  ","Most accountants and auditors work full time. Overtime hours are typical at certain periods of the year, such as for quarterly audits or during tax season.","accountants and auditors.    Bookkeeping, accounting, and auditing clerks compute, classify, and record data to help organizations keep complete and accurate financial records. Budget analysts help public and private organizations plan their finances. Cost estimators collect and analyze data in order to assess the time, money, materials, and labor required to make a product or provide a service. Financial analysts guide businesses and individuals in decisions about expending money to attain profit. Financial managers create financial reports, direct investment activities, and develop plans for the long-term financial goals of their organization. Management analysts recommend ways to improve an organization’s efficiency. Personal financial advisors provide advice to help individuals manage their money and plan for their financial future. Postsecondary teachers instruct students in a variety of academic subjects beyond the high school level. Tax examiners and collectors, and revenue agents determine how much is owed in taxes and collect tax from individuals and businesses on behalf of the government. Top executives plan strategies and policies to ensure that an organization meets its goals."
1,Actor,,"Actors express ideas and portray characters in theater, film, television, and other performing arts media. They interpret a writer’s script to entertain or inform an audience.  Read scripts and meet with agents and other professionals before accepting a role  ","Actors typically enhance their skills through formal education, and long-term training is common.   Creativity. ","Actors work in various settings, including production studios, theaters, and theme parks, or on location. Work assignments are usually short, ranging from 1 day to a few months.","actors.    Announcers present news and sports or may interview guests on media such as radio and television. Disc jockeys (DJs) act as masters of ceremonies (emcees) or play recorded music at weddings, parties, or clubs. Dancers and choreographers use dance performances to express ideas and stories. Film and video editors and camera operators manipulate moving images that entertain or inform an audience. Special effects artists and animators create images that appear to move and visual effects for various forms of media and entertainment. Musicians and singers play instruments or sing for live audiences and in recording studios. Producers and directors make business and creative decisions about film, television, stage, and other productions."
2,Actuary,120000.0,"Actuaries analyze the financial costs of risk and uncertainty. They use mathematics, statistics, and financial theory to assess the risk of potential events, and they help businesses and clients develop policies that minimize the cost of that risk. Actuaries’ work is essential to the insurance industry.  Compile and analyze statistical data and other information Health insurance actuaries ","To enter the occupation, actuaries typically need a bachelor’s degree in mathematics, actuarial science, statistics, or some other analytical field. Students must complete coursework in subjects such as economics, applied statistics, and corporate finance and must pass a series of exams to become certified.   Analytical skills. ","Most actuaries work for insurance companies. Although most work full time in an office setting, some actuaries who work as consultants travel to meet with clients.","actuaries.    Accountants and auditors prepare and examine financial records. Budget analysts help public and private organizations plan their finances. Cost estimators collect and analyze data in order to assess the time, money, materials, and labor required to make a product or provide a service. Data scientists use analytical tools and techniques to extract meaningful insights from data. Economists conduct research, prepare reports, and evaluate issues related to monetary and fiscal policy. They also may collect and analyze statistical data. Financial analysts guide businesses and individuals in decisions about expending money to attain profit. Insurance underwriters evaluate insurance applications and decide whether to approve them. Mathematicians and statisticians analyze data and apply computational techniques to solve problems. Personal financial advisors provide advice to help individuals manage their money and plan for their financial future. Postsecondary teachers instruct students in a variety of academic subjects beyond the high school level."
3,Administrative Services or Facilities Manager,104900.0,"Administrative services and facilities managers plan, direct, and coordinate activities that help an organization run efficiently.  Supervise staff business office manager ",Educational requirements for administrative services and facilities managers vary by organization and the work they do. But these workers typically need a bachelor’s degree and related work experience.   Analytical skills. ,"Most administrative services and facilities managers work full time, and some work more than 40 hours per week.","administrative services and facilities managers.    Compensation and benefits managers plan, develop, and oversee programs to pay employees. Cost estimators collect and analyze data in order to assess the time, money, materials, and labor required to make a product or provide a service. Human resources managers plan, coordinate, and direct the administrative functions of an organization. Management analysts recommend ways to improve an organization’s efficiency. Meeting, convention, and event planners arrange all aspects of events and professional gatherings. Postsecondary education administrators oversee student services, academics, and faculty research at colleges and universities. Property, real estate, and community association managers oversee many aspects of residential, commercial, or industrial properties. Buyers and purchasing agents buy products and services for organizations. Purchasing managers oversee the work of buyers and purchasing agents. Top executives plan strategies and policies to ensure that an organization meets its goals."
4,Adult Basic or Secondary Education or ESL Teacher,60560.0,"Adult basic and secondary education and ESL (English as a Second Language) teachers instruct adults in fundamental skills, such as reading, writing, and speaking English. They also help students earn their high school equivalency credential.  Plan and teach lessons to help students gain the knowledge and skills needed to earn their high school equivalency credential Adult basic education (ABE) ",Adult basic and secondary education and ESL teachers who work in public schools typically need at least a bachelor’s degree and a license or certification.   Communication skills. ,"Adult basic and secondary education and ESL teachers are often employed by community colleges, community-based organizations, and public schools. Part-time work is common.","adult basic and secondary education and ESL teachers.    Career and technical education teachers instruct students in various technical and vocational subjects, such as auto repair, healthcare, and culinary arts. High school teachers teach academic lessons and various skills that students will need to attend college and to enter the job market. Instructional coordinators oversee school curriculums and teaching standards. They develop instructional material, implement it, and assess its effectiveness. Kindergarten and elementary school teachers instruct young students in basic subjects in order to prepare them for future schooling. Librarians and library media specialists help people find information and conduct research for personal and professional use. Middle school teachers educate students, typically in sixth through eighth grades. Postsecondary teachers instruct students in a variety of academic subjects beyond the high school level. School counselors help students develop academic and social skills. Career counselors and advisors help people choose a path to employment. Social workers help people prevent and cope with problems in their everyday lives. Special education teachers work with students who have a wide range of learning, mental, emotional, and physical disabilities. Teacher assistants work with a licensed teacher to give students additional attention and instruction. Interpreters and translators convert information from one language into another language."
5,"Advertising, Promotions, or Marketing Manager",156580.0,"Advertising, promotions, and marketing managers plan programs to generate interest in products or services. They work with art directors, advertising sales agents, financial staff, and others to develop strategies and materials.  Work with department heads or staff to discuss topics such as budgets and contracts, creative vision, marketing plans, and media buying Advertising managers ","Advertising, promotions, and marketing managers typically need a bachelor’s degree. They also typically need work experience in a related occupation.   Analytical skills. ","Advertising, promotions, and marketing managers typically work in an office setting. They may travel to meet with clients or media representatives. Most of these managers work full time, and some work more than 40 hours per week.","advertising, promotions, and marketing managers.    Advertising sales agents sell promotional space to businesses and individuals. Art directors are responsible for the visual style and images in magazines, newspapers, product packaging, and movie and television productions. Editors plan, review, and revise content for publication. Graphic designers create visual concepts, using computer software or by hand, to communicate ideas that inspire, inform, and captivate consumers. Market research analysts study consumer preferences, business conditions, and other factors to assess potential sales of a product or service. Sales managers plan, direct, or coordinate the delivery of a product or service to the customer. Financial managers create financial reports, direct investment activities, and develop plans for the long-term financial goals of their organization. Project management specialists coordinate the budget, schedule, staffing, and other details of a project. Public relations managers direct the creation of materials that will enhance the public image of their employer or client. Fundraising managers coordinate campaigns that bring in donations for their organization. Public relations specialists create and maintain a positive public image for the clients they represent."
6,Advertising Sales Agent,61270.0,"Advertising sales agents, also called advertising sales representatives, sell advertising space to businesses and individuals. They contact potential clients, make sales presentations, and maintain client accounts.  Locate and contact potential clients to offer their firm’s advertising services advertising sales representatives ","Advertising sales agents typically need at least a high school diploma to enter the occupation, although some employers require or prefer that candidates have a bachelor’s degree. Once hired, these workers typically receive training on the job. Sales and communication skills are essential.   Communication skills. ",Advertising sales agents work under pressure to meet sales quotas. They may travel to visit current and prospective clients. Most work full time.,"advertising sales agents.    Advertising, promotions, and marketing managers plan programs to generate interest in products or services. Insurance sales agents contact potential customers and sell one or more types of insurance. Market research analysts study consumer preferences, business conditions, and other factors to assess potential sales of a product or service. Sales managers plan, direct, or coordinate the delivery of a product or service to the customer. Securities, commodities, and financial services sales agents connect buyers and sellers in financial markets. Wholesale and manufacturing sales representatives sell goods for wholesalers or manufacturers to businesses, government agencies, and other organizations."
7,Aerospace Engineering and Operations Technologist or Technician,77830.0,"Aerospace engineering and operations technologists and technicians install, run, and maintain equipment used to develop, test, produce, and sustain aircraft and spacecraft. Their work is critical to ensuring the safety and precision of key parts of these vehicles and systems.  Meet with aerospace engineers to discuss details and implications of test procedures  ",Aerospace engineering and operations technologists and technicians typically need an associate’s degree in engineering technology or a related field. Some employers consider candidates who have a high school diploma or have completed a certificate program. Some aerospace engineering and operations technologists and technicians must have security clearances to work on projects related to national defense. U.S. citizenship may be required for certain types and levels of clearance.   Communication skills. ,"Aerospace engineering and operations technologists and technicians usually work in manufacturing plants, laboratories, and offices. Most work full time.","aerospace engineering and operations technologists and technicians.    Aerospace engineers design, develop, and test aircraft, spacecraft, satellites, and missiles. Aircraft and avionics equipment mechanics and technicians install, test, adjust, and repair equipment and systems in aircraft. Drafters use software to convert the designs of engineers and architects into technical drawings. Electro-mechanical and mechatronics technologists and technicians operate, test, and maintain electromechanical or robotic equipment. Industrial engineering technologists and technicians help engineers solve problems affecting manufacturing layout or production. Mechanical engineering technologists and technicians help mechanical engineers design, develop, test, and manufacture machines and other devices."
8,Aerospace Engineer,130720.0,"Aerospace engineers design, develop, and test aircraft, spacecraft, satellites, and missiles. In addition, they create and test prototypes to make sure that they function according to design.  Coordinate and direct the design, manufacture, and testing of aircraft and aerospace products Aeronautical engineers ",Aerospace engineers typically need a bachelor’s degree in aerospace engineering or a related field to enter the occupation. Aerospace engineers who work on projects that are related to national defense may need a security clearance. Some types and levels of clearance require U.S. citizenship.   Analytical skills. ,"Aerospace engineers typically work in an office setting, often using a computer. Most work full time, and some work more than 40 hours per week.","aerospace engineers.    Aerospace engineering and operations technologists and technicians run and maintain equipment used to develop, test, produce, and sustain aircraft and spacecraft. Architectural and engineering managers plan, direct, and coordinate activities in the fields of architecture and engineering. Computer hardware engineers research, design, develop, and test computer systems and components. Electrical and electronic engineering technologists and technicians help engineers design and develop equipment that is powered by electricity or electric current. Electrical engineers design, develop, test, and supervise the manufacture of electrical equipment. Industrial engineers design, develop, and test integrated systems for managing industrial production processes. Materials engineers develop, process, and test materials used to create a wide range of products. Mechanical engineers design, develop, build, and test mechanical and thermal sensors and devices. Project management specialists coordinate the budget, schedule, staffing, and other details of a project."
9,Agricultural or Food Science Technician,47010.0,"Agricultural and food science technicians help agricultural and food scientists with testing and research related to plants, animals, fibers, and food and beverage products.  Follow protocols to collect, prepare, analyze, and properly store crop or animal samples  ","Entry requirements for agricultural and food science technicians vary. Some employers require or prefer that candidates have an associate’s or bachelor’s degree in biology, chemistry, agriculture, or a related field. Other employers hire candidates who have a high school diploma or the equivalent and related work experience.   Analytical skills. ","Agricultural and food science technicians work in laboratories, processing plants, farms and ranches, greenhouses, and offices. Most agricultural and food science technicians work full time, and some work more than 40 hours per week.","agricultural and food science technicians.    Agricultural and food scientists research ways to improve the efficiency and safety of agricultural establishments and products. Agricultural engineers solve problems concerning power supplies, machine efficiency, the use of structures and facilities, pollution and environmental issues, and the storage and processing of agricultural products. Agricultural workers maintain crops and tend livestock. Animal care and service workers attend to or train animals. Biological technicians assist biological and medical scientists with tasks such as laboratory setup, data collection, and observation. Chemical technicians conduct laboratory tests to help scientists analyze the properties of materials. Conservation scientists and foresters manage the land quality of forests, parks, rangelands, and other natural resources. Environmental science and protection technicians monitor the environment and investigate sources of pollution and contamination, including those affecting public health. Food processing equipment workers operate machinery that mixes, cooks, or processes ingredients for manufacturing food products. Microbiologists study microorganisms such as bacteria, algae, and fungi."
10,Agricultural or Food Scientist,76400.0,Agricultural and food scientists research ways to improve the efficiency and safety of agricultural establishments and products.  Conduct research and experiments to improve the productivity and sustainability of field crops and farm animals Animal scientists ,"Agricultural and food scientists need at least a bachelor’s degree from an accredited postsecondary institution, although many earn advanced degrees. Some animal scientists earn a doctor of veterinary medicine (DVM) degree.   Communication skills. ","Agricultural and food scientists work in laboratories, in offices, and in the field. Most agricultural and food scientists work full time.","agricultural and food scientists.    Agricultural and food science technicians help scientists with testing and research related to plants, animals, fibers, and food and beverage products. Biochemists and biophysicists study the chemical and physical principles of living things and of biological processes. Biological technicians assist biological and medical scientists with tasks such as laboratory setup, data collection, and observation. Chemical technicians conduct laboratory tests to help scientists analyze the properties of materials. Conservation scientists and foresters manage the land quality of forests, parks, rangelands, and other natural resources. Environmental scientists and specialists conduct research or investigations to protect the environment or human health. Farmers, ranchers, and other agricultural managers run establishments that produce crops, livestock, and dairy products. Microbiologists study microorganisms such as bacteria, algae, and fungi. Veterinarians care for the health of animals and work to protect public health. Zoologists and wildlife biologists study animals, those both in captivity and in the wild, and how they interact with their ecosystems."
11,Agricultural Engineer,88750.0,"Agricultural engineers attempt to solve agricultural problems concerning power supplies, the efficiency of machinery, the use of structures and facilities, pollution and environmental issues, and the storage and processing of agricultural products.  Use computer software to design equipment, systems, or structures  ","Agricultural engineers typically need a bachelor’s degree in an engineering field, such as agricultural or biological engineering.  A degree from an ABET-accredited engineering program Analytical skills. ","Agricultural engineers work mostly in offices, but may spend time traveling to agricultural settings. Agricultural engineers typically work full time.","agricultural engineers.    Agricultural and food science technicians help scientists with testing and research related to plants, animals, fibers, and food and beverage products. Agricultural and food scientists research ways to improve the efficiency and safety of agricultural establishments and products. Architectural and engineering managers plan, direct, and coordinate activities in the fields of architecture and engineering. Civil engineers plan, design, and supervise the construction and maintenance of building and infrastructure projects. Conservation scientists and foresters manage the land quality of forests, parks, rangelands, and other natural resources. Environmental engineers use engineering disciplines in developing solutions to problems of planetary health. Farmers, ranchers, and other agricultural managers run establishments that produce crops, livestock, and dairy products. Hydrologists study water and how it moves across and through the Earth’s crust. Industrial engineers design, develop, and test integrated systems for managing industrial production processes. Mechanical engineers design, develop, build, and test mechanical and thermal sensors and devices."
12,Agricultural Worker,34790.0,"Agricultural workers maintain crops and tend livestock. They perform physical labor and operate machinery under the supervision of farmers, ranchers, and other agricultural managers.  Plant, inspect, and harvest crops Agricultural equipment operators ","Most agricultural workers do not need a formal educational credential to enter these occupations; however, animal breeders typically need at least a high school diploma. Agricultural workers typically receive on-the-job training.   Dexterity. ","Agricultural workers usually do their tasks outdoors in all kinds of weather. Most work full time, and some work more than 40 hours per week.","agricultural workers.    Agricultural and food science technicians help scientists with testing and research related to plants, animals, fibers, and food and beverage products. Farmers, ranchers, and other agricultural managers run establishments that produce crops, livestock, and dairy products. Forest and conservation workers perform physical labor to improve the quality of natural areas such as forests, rangelands, and wetlands. Grounds maintenance workers install and maintain landscapes, prune trees or shrubs, and do other tasks to ensure that vegetation is attractive, orderly, and safe. Veterinary assistants and laboratory animal caretakers handle routine animal care and help scientists,veterinarians, and others with their daily tasks. Animal care and service workers attend to or train animals."
13,Aircraft and Avionics Equipment Mechanic or Technician,75400.0,"Aircraft and avionics equipment mechanics and technicians install, test, adjust, and repair equipment and systems in aircraft.  Diagnose mechanical or electrical problems Airframe and powerplant (A&P) mechanics ","Aircraft and avionics equipment mechanics and technicians typically need postsecondary education, such as a certificate from a Federal Aviation Administration (FAA)-approved program. Some enter the occupation with an associate’s degree; others have a high school diploma and train on the job or in the military. These workers typically are certified by the FAA.   Detail oriented. ","Aircraft and avionics equipment mechanics and technicians work in hangars, in repair stations, or on airfields. The environment may be loud because of aircraft engines and equipment.","aircraft and avionics equipment mechanics and technicians.    Aerospace engineering and operations technologists and technicians run and maintain equipment used to develop, test, produce, and sustain aircraft and spacecraft. Automotive body and glass repairers restore, refinish, and replace vehicle bodies and frames, windshields, and window glass. Automotive service technicians and mechanics inspect, maintain, and repair cars and light trucks. Diesel service technicians and mechanics inspect, repair, and overhaul buses, trucks, or any vehicle with a diesel engine. Electrical and electronic engineering technologists and technicians help engineers design and develop equipment that is powered by electricity or electric current. Electrical and electronics installers and repairers install or repair a variety of electrical equipment. Electricians install, maintain, and repair electrical power, communications, lighting, and control systems. Electro-mechanical and mechatronics technologists and technicians operate, test, and maintain electromechanical or robotic equipment. Heavy vehicle and mobile equipment service technicians inspect, maintain, and repair vehicles and machinery used in construction, farming, and other industries. Mechanical engineering technologists and technicians help mechanical engineers design, develop, test, and manufacture machines and other devices."
14,Airline or Commercial Pilot,171210.0,"Airline and commercial pilots fly and navigate airplanes, helicopters, and other aircraft.  Check the overall condition of the aircraft before and after every flight Airline pilots ","Airline pilots typically need a bachelor’s degree and experience as a commercial or military pilot. Commercial pilots typically need flight training, and some employers may require or prefer them to have a degree.  Student pilot certificate Commercial pilot certificate. ","Pilots usually have variable work schedules, with overnight layovers that are more common for airline pilots.",airline and commercial pilots.    Air traffic controllers coordinate the movement of aircraft to maintain safe distances between them. Water transportation workers operate and maintain vessels that take cargo and people over water.
15,Air Traffic Controller,137380.0,"Air traffic controllers coordinate the movement of aircraft, including within the vicinity of airports and between altitude sectors and control centers, so that they maintain safe distances.  Monitor and direct the movement of aircraft on the ground and in the air Tower controllers ","There are several different paths to becoming an air traffic controller. Candidates typically need an associate's or bachelor’s degree through a Federal Aviation Administration (FAA)-approved Air Traffic Collegiate Training Initiative (AT-CTI) program, several years of progressively responsible work experience, or a combination of education and experience.   developmental  ","Air traffic controllers work in control towers, approach control facilities, or en route centers. Their work can be stressful because maximum concentration is required at all times. Night, weekend, and rotating shifts are common.","air traffic controllers.   911 operators  Airline and commercial pilots fly and navigate airplanes, helicopters, and other aircraft. Public safety telecommunicators, including911 operatorsandfire dispatchers, answer emergency and nonemergency calls and provide resources to assist those in need."
16,Animal Care and Service Worker,31830.0,"Animal care and service workers attend to or train animals. Working with pets and other nonfarm animals, these caretakers and trainers feed, groom, and exercise the animals or teach them to respond to human commands.  Give food and water to animals Animal trainers ",Animal care and service workers typically have a high school diploma or equivalent and learn the occupation on the job. Many employers prefer to hire people who have experience with animals.   Compassion. ,"Animal care and service workers are employed in a variety of settings, including kennels, zoos, stables, animal shelters, pet stores, veterinary clinics, and aquariums. Some parts of the job may be physically or emotionally demanding, and workers risk injury when caring for animals.","animal care and service workers.    Agricultural workers maintain crops and tend livestock. Farmers, ranchers, and other agricultural managers run establishments that produce crops, livestock, and dairy products. Veterinarians care for the health of animals and work to protect public health. Veterinary assistants and laboratory animal caretakers handle routine animal care and help scientists,veterinarians, and others with their daily tasks. Veterinary technologists and technicians do medical tests that help diagnose animals’ injuries and illnesses. Zoologists and wildlife biologists study animals, those both in captivity and in the wild, and how they interact with their ecosystems."
17,Announcer or DJ,,"Announcers present news and sports or may interview guests on media such as radio and television. Disc jockeys (DJs) act as masters of ceremonies (emcees) or play recorded music at weddings, parties, or clubs.  Present music and information on radio or television shows or at venues Podcasters ","Entry requirements for announcers and DJs vary. Broadcast announcers and radio DJs typically need a bachelor’s degree in journalism, broadcasting, or communications; experience gained from internships or working at a school radio or television station is helpful. Other types of DJs typically need a high school diploma and some on-the-job training.   Business skills.  ","Many announcers and DJs work in radio and television studios or are self-employed. Some work part time, and schedules might include early mornings, nights, weekends, and holidays.","announcers and DJs.    Actors express ideas and portray characters in theater, film, television, and other performing arts media. Broadcast, sound, and video technicians set up, operate, and maintain the electrical equipment for media programs. Musicians and singers play instruments or sing for live audiences and in recording studios. Producers and directors make business and creative decisions about film, television, stage, and other productions. News analysts, reporters, and journalists keep the public updated about current events and noteworthy information. Writers and authors develop written content for various types of media."
18,Anthropologist or Archeologist,63800.0,"Anthropologists and archeologists study the origin, development, and behavior of humans. They study the culture and characteristics of living or past civilizations throughout the world.  Plan and oversee cultural research  ","To enter the occupation, anthropologists and archeologists typically need at least a master’s degree in anthropology or archeology. Employers may prefer to hire candidates who have experience doing fieldwork in their discipline.   Analytical skills. ","Anthropologists and archeologists typically work in offices, in laboratories, or in the field. Fieldwork may require travel for extended periods.","anthropologists and archeologists.    Archivists and curators oversee institutions’ collections, such as of historical items or of artwork. Museum technicians and conservators prepare and restore items in those collections. Economists conduct research, prepare reports, and evaluate issues related to monetary and fiscal policy. They also may collect and analyze statistical data. Geographers study the Earth and the distribution of its land, features, and inhabitants. Historians research, analyze, interpret, and write about the past by studying historical documents and sources. Postsecondary teachers instruct students in a variety of academic subjects beyond the high school level. Psychologists study cognitive, emotional, and social processes and behavior by observing, interpreting, and recording how people relate to one another and to their environments. Sociologists study society and social behavior by examining the groups, cultures, social institutions, and processes that develop when people interact and work together. Survey researchers design and conduct surveys and analyze data. Environmental scientists and specialists conduct research or investigations to protect the environment or human health."
19,"Arbitrator, Mediator, or Conciliator",71540.0,"Arbitrators, mediators, and conciliators facilitate negotiation and conflict resolution through dialogue. They resolve conflicts outside of the court system by mutual consent of the parties involved.  Facilitate communication between disputants to guide parties toward mutual agreement Arbitrators ","Arbitrators, mediators, and conciliators typically need at least a bachelor's degree and related experience to enter the occupation. They learn their skills through a combination of education, training, and work experience.   Analytical skills. ","Many arbitrators, mediators, and conciliators work in the legal services industry and for state or local governments. Most work full time.","arbitrators, mediators, and conciliators.    Compliance officers make sure that people and organizations meet legal and regulatory requirements. Judges and hearing officers oversee legal matters in court or administrative proceedings. Labor relations specialists resolve employee-management disputes and negotiate labor contracts. Lawyers advise and represent clients on legal proceedings or transactions. Paralegals and legal assistants supportlawyersby performing a variety of tasks, such as maintaining and organizing files, conducting legal research, and drafting documents. Private detectives and investigators gather, analyze, and report information to clients regarding legal or personal matters."
20,Architect,93310.0,"Architects plan and design houses, factories, office buildings, and other structures.  Meet with clients to determine objectives and requirements for structures  ","There are typically three main steps to becoming a licensed architect: completing a bachelor’s degree in architecture, gaining relevant experience through a paid internship, and passing the Architect Registration Examination.   Analytical skills ","Architects spend much of their time in offices, where they develop plans, meet with clients, and consult with engineers and other architects. They also visit construction sites to prepare initial drawings and review the progress of projects to ensure that clients’ objectives are met.","architects.    Civil engineers plan, design, and supervise the construction and maintenance of building and infrastructure projects. Construction managers plan, coordinate, budget, and supervise construction projects from start to finish. Drafters use software to convert the designs of engineers and architects into technical drawings. Industrial designers combine art, business, and engineering to develop the concepts for manufactured products. Landscape architects design parks and other outdoor spaces. Urban and regional planners develop comprehensive plans and programs for use of land and physical facilities in cities, counties, metropolitan areas, and other jurisdictions. Architectural and engineering managers plan, direct, and coordinate activities in the fields of architecture and engineering. Surveying and mapping technicians collect data and make maps of the Earth's surface. Surveyors make precise measurements to determine property boundaries. Construction and building inspectors ensure that construction meets building codes and ordinances, zoning regulations, and contract specifications."
21,Architectural or Engineering Manager,165370.0,"Architectural and engineering managers plan, direct, and coordinate activities in the fields of architecture and engineering.  Make detailed plans to research and develop products, processes, or designs  ","To enter the occupation, architectural and engineering managers typically need at least a bachelor’s degree and considerable work experience as an architect or engineer.   Analytical skills.  ","Architectural and engineering managers typically work in offices, although some work in other settings, such as research laboratories or industrial production plants. Most work full time, and some work more than 40 hours a week.","architectural and engineering managers.    Aerospace engineers design, develop, and test aircraft, spacecraft, satellites, and missiles. Architects plan and design houses, factories, office buildings, and other structures. Civil engineers plan, design, and supervise the construction and maintenance of building and infrastructure projects. Construction managers plan, coordinate, budget, and supervise construction projects from start to finish. Electrical engineers design, develop, test, and supervise the manufacture of electrical equipment. Industrial engineers design, develop, and test integrated systems for managing industrial production processes. Industrial production managers oversee the operations of manufacturing and related plants. Materials engineers develop, process, and test materials used to create a wide range of products. Mechanical engineers design, develop, build, and test mechanical and thermal sensors and devices. Nuclear engineers research and develop projects or address problems concerning the release, control, and use of nuclear energy and nuclear waste disposal."
22,"Archivist, Curator, or Museum Worker",57120.0,"Archivists appraise, process, catalog, and preserve permanent records and historically valuable documents. Curators oversee collections of artwork and historical items and may conduct public service activities for an institution. Museum technicians and conservators prepare and restore objects and documents in museum collections and exhibits.  Authenticate and appraise historical documents and archival materials Archivists ","Archivists, curators, and conservators typically need a master’s degree; museum technicians typically need a bachelor’s degree. Fields of degree may include fine and performing arts, history, or social science. Experience gained through an internship or by volunteering in archives or museums is helpful.   Archivists. ","Archivists, curators, museum technicians, and conservators work in museums, historical sites, governments, colleges and universities, corporations, and other institutions. Most work full time.","archivists, curators, and museum workers.    Anthropologists and archeologists study the origin, development, and behavior of humans. Craft and fine artists use a variety of materials and techniques to create art for sale and exhibition. Historians research, analyze, interpret, and write about the past by studying historical documents and sources. Librarians and library media specialists help people find information and conduct research for personal and professional use."
23,Art Director,106500.0,"Art directors are responsible for the visual style and images in magazines, newspapers, product packaging, and movie and television productions. They create the overall design and direct others who develop artwork or layouts.  Determine how best to represent a concept visually In advertising and public relations ","Art directors need at least a bachelor’s degree in an art or design subject and previous work experience. Depending on the industry, they may have worked as graphic designers, fine artists, editors, or photographers, or in another art or design occupation before becoming art directors.   Communication skills. ","Most art directors are self-employed. Others work for advertising and public relations firms, newspaper and magazine publishers, motion picture and video industries, and specialized design services firms.","art directors.    Craft and fine artists use a variety of materials and techniques to create art for sale and exhibition. Fashion designers create clothing, accessories, and footwear. Graphic designers create visual concepts, using computer software or by hand, to communicate ideas that inspire, inform, and captivate consumers. Industrial designers combine art, business, and engineering to develop the concepts for manufactured products. Special effects artists and animators create images that appear to move and visual effects for various forms of media and entertainment. Photographers use their technical expertise, creativity, and composition skills to produce and preserve images. Writers and authors develop written content for various types of media."
24,Assembler or Fabricator,39720.0,"Assemblers and fabricators build finished products and the parts that go into them. They use handtools and machines to make vehicles, toys, electronic devices, and more.  Read and understand schematics and blueprints Aircraft structure, surfaces, rigging, and systems assemblers ","The education and qualifications typically needed to enter these occupations vary by industry and employer. Although a high school diploma is enough for most jobs, experience and training are needed for advanced assembly work.   Color vision ","Most assemblers and fabricators work in manufacturing plants. Their duties may involve long periods of standing or sitting. Most work full time, including some evenings and weekends.","assemblers and fabricators.    Boilermakers assemble, install, maintain, and repair boilers, closed vats, and other large vessels or containers that hold liquids and gases. Calibration technologists and technicians inspect, adjust, and test measurement devices against standards, such as those used in manufacturing, healthcare, and other industries. Industrial machinery mechanics, machinery maintenance workers, and millwrights install, maintain, and repair factory equipment and other industrial machinery. Metal and plastic machine workers set up and operate equipment that cuts, shapes, and forms metal and plastic materials or pieces. Welders, cutters, solderers, and brazers use hand-held or remotely controlled equipment to join, repair, or cut metal parts and products. Sheet metal workers fabricate or install products that are made from thin metal sheets. Ironworkers install structural and reinforcing iron and steel to form and support buildings, bridges, and roads."
25,Athlete or Sports Competitor,70280.0,"Athletes and sports competitors participate in organized, officiated sporting events to entertain spectators.  Practice to develop and improve their skills  ",No formal educational credential is typically required to become an athlete or sports competitor. Athletes must have athletic talent and extensive knowledge of their sport. They typically get such knowledge through years of experience at lower levels of competition.   Athleticism ,"Athletes and sports competitors may work irregular schedules, including evenings, weekends, and holidays. They typically work more than 40 hours per week for several months during their particular sports season. They frequently work outside, so they may be exposed to all weather conditions.","athletes and sports competitors.    Coaches teach amateur or professional athletes the skills they need to succeed at their sport. Scouts evaluate athletes as possible recruits. Fitness trainers and instructors lead, instruct, and motivate individuals or groups in exercise activities. Recreation workers organize, conduct, and promote a variety of group activities for leisure and other purposes. Umpires, referees, and other sports officials preside over competitive athletic or sporting events to help maintain standards of play."
26,Athletic Trainer,57930.0,"Athletic trainers specialize in preventing, diagnosing, and treating muscle and bone injuries and illnesses.  Apply protective or injury-preventive devices, such as tape, bandages, and braces personal trainers ","Athletic trainers typically need at least a bachelor's degree, and master’s degrees are common. Nearly all states require athletic trainers to have a license or certification; requirements vary by state.   Compassion. ","Many athletic trainers work in educational settings, such as colleges, universities, elementary schools, and secondary schools. Others work in hospitals, fitness centers, or physicians’ offices, or for professional sports teams.","athletic trainers.    Coaches teach amateur or professional athletes the skills they need to succeed at their sport. Scouts evaluate athletes as possible recruits. Chiropractors assess, treat, and care for patients by manipulating the spine and musculoskeletal system. Emergency medical technicians (EMTs) and paramedics assess injuries and illnesses, provide emergency medical care, and may transport patients to medical facilities. Exercise physiologists develop fitness and exercise programs to help people improve their health. Massage therapists treat clients by applying pressure to manipulate the body's soft tissues and joints. Occupational therapists evaluate and treat people who have injuries, illnesses, or disabilities to help them with vocational, daily living, and other skills that promote independence. Physical therapists help injured or ill people improve movement and manage pain. Physician assistants examine, diagnose, and treat patients under the supervision of a physician. Recreational therapists plan, direct, and coordinate recreation-based medical treatment programs for people with disabilities, injuries, or illnesses. Respiratory therapists care for patients who have trouble breathing—for example, because of a chronic condition such as asthma."
27,Atmospheric Scientist,92860.0,"Atmospheric scientists study the weather and climate. They may compile data, prepare reports and forecasts, and assist in developing new data collection instruments.  Measure atmospheric properties, such as temperature, dewpoint, humidity, and windspeed Broadcast meteorologists ","Atmospheric scientists typically need a bachelor’s degree in meteorology or a related field to enter the occupation. For research positions, these scientists typically need a master’s degree or a Ph.D. In addition, experience gained through an internship or by volunteering while in college may be helpful.   Analytical skills. ","Most atmospheric scientists work indoors in weather stations, offices, or laboratories. They may work outdoors to observe the weather. Most atmospheric scientists are full time and may work extended hours during weather emergencies.","atmospheric scientists, including meteorologists.    Computer programmers write, modify, and test code and scripts that allow computer software and applications to function properly. Environmental engineers use engineering disciplines in developing solutions to problems of planetary health. Environmental scientists and specialists conduct research or investigations to protect the environment or human health. Geoscientists study the physical aspects of the Earth. Hydrologists study water and how it moves across and through the Earth’s crust. Mathematicians and statisticians analyze data and apply computational techniques to solve problems. Physicists and astronomers study the interactions of matter and energy. Postsecondary teachers instruct students in a variety of academic subjects beyond the high school level."
28,Audiologist,87740.0,"Audiologists diagnose, manage, and treat patients who have hearing, balance, or related problems.  Examine patients who have conditions related to the outer, middle, or inner ear  ",Audiologists typically need a doctor of audiology (Au.D.) degree to enter the occupation. All states require audiologists to be licensed.   Communication skills. ,"Most audiologists work in healthcare facilities, such as physicians’ offices, audiology clinics, and hospitals. Some work in schools or for school districts and travel between facilities.","audiologists.    Nurse anesthetists, nurse midwives, and nurse practitioners coordinate patient care and may provide primary and specialty healthcare. Optometrists diagnose, manage, and treat conditions and diseases of the human eye and visual system, including examining eyes and prescribing corrective lenses. Physical therapists help injured or ill people improve movement and manage pain. Physicians and surgeons diagnose and treat injuries or illnesses and address health maintenance. Psychologists study cognitive, emotional, and social processes and behavior by observing, interpreting, and recording how people relate to one another and to their environments. Speech-language pathologists assess and treat people who have communication disorders."
29,Automotive Body or Glass Repairer,48450.0,"Automotive body and glass repairers restore, refinish, and replace vehicle bodies and frames, windshields, and window glass.  Review damage reports, prepare cost estimates, and plan work  ","Most employers prefer to hire automotive body and glass repairers who have completed a training program in automotive body or glass repair. Still, many new body and glass repairers begin work without previous training. Industry certification is increasingly important.   Critical-thinking skills ","Automotive body repairers work indoors in body shops, which are often noisy. Shops are typically well ventilated, so that dust and paint fumes can be dispersed. Repairers sometimes work in awkward and cramped positions, and their work can be physically demanding.","automotive body and glass repairers.    Aircraft and avionics equipment mechanics and technicians install, test, adjust, and repair equipment and systems in aircraft. Automotive service technicians and mechanics inspect, maintain, and repair cars and light trucks. Claims adjusters, appraisers, examiners, and investigators evaluate insurance claims. Diesel service technicians and mechanics inspect, repair, and overhaul buses, trucks, or any vehicle with a diesel engine. Glaziers install glass in windows, skylights, and other fixtures in buildings. Heavy vehicle and mobile equipment service technicians inspect, maintain, and repair vehicles and machinery used in construction, farming, and other industries. Painting and coating workers apply finishes, often using machines, to a range of products."
30,Automotive Service Technician or Mechanic,47770.0,"Automotive service technicians and mechanics, often called service technicians or service techs, inspect, maintain, and repair cars and light trucks.  Identify problems, often by using computerized diagnostic equipment service technicians ",Employers prefer that automotive service technicians and mechanics complete a program at a postsecondary institution. Industry certification is usually required once the person is employed.   Customer-service skills ,"Most automotive service technicians and mechanics work in well-ventilated and well-lit repair shops. Although technicians often identify and fix automotive problems with computers, they commonly work with greasy parts and tools, sometimes in uncomfortable positions.","automotive service technicians and mechanics.    Automotive body and glass repairers restore, refinish, and replace vehicle bodies and frames, windshields, and window glass. Diesel service technicians and mechanics inspect, repair, and overhaul buses, trucks, or any vehicle with a diesel engine. Heavy vehicle and mobile equipment service technicians inspect, maintain, and repair vehicles and machinery used in construction, farming, and other industries. Small engine mechanics inspect, service, and repair motorized power equipment. Aircraft and avionics equipment mechanics and technicians install, test, adjust, and repair equipment and systems in aircraft."
31,Baker,34950.0,"Bakers mix ingredients according to recipes in order to make breads, pastries, and other baked goods.  Prepare workstation for baking Commercial bakers ","Bakers typically need no formal educational credential to enter the occupation; however, employers may prefer or require that candidates have a high school diploma, and some candidates choose to attend a technical or culinary school. Bakers typically learn their skills through on-the-job training, which may include participating in an apprenticeship program.   Communication skills. ","Most bakers work in retail or commercial bakeries (manufacturing facilities), grocery stores or wholesale club stores, and restaurants. Work shifts often include early mornings, nights, weekends, and holidays.","bakers.    Chefs and head cooks oversee the daily food preparation at restaurants and other places where food is served. Cooks season and prepare foods, including soups, salads, entrees, and desserts. Food processing equipment workers operate machinery that mixes, cooks, or processes ingredients for manufacturing food products. Food preparation workers perform a variety of tasks other than cooking, such as slicing meat and brewing coffee."
32,"Barber, Hairstylist, or Cosmetologist",35080.0,"Barbers, hairstylists, and cosmetologists provide haircutting, hairstyling, and other services related to personal appearance.  Inspect and analyze hair, scalp, and skin to recommend services or treatment Barbers ","All states require barbers, hairstylists, and cosmetologists to be licensed. To qualify for a license, candidates typically must graduate from a state-approved barber or cosmetology program and pass an exam.   Creativity ","Barbers, hairstylists, and cosmetologists work mostly in barbershops or salons. Most are full time, although part-time work is common. Work schedules may vary and often include evenings and weekends.","barbers, hairstylists, and cosmetologists.    Manicurists and pedicurists clean, shape, and beautify fingernails and toenails. Skincare specialists provide cleansing and other face and body treatments to enhance a person’s appearance."
33,Bartender,31510.0,"Bartenders mix drinks and serve them directly to customers or through wait staff.  Greet customers, offer menus, and inform them of specials  ","Bartenders typically do not need formal education credentials to enter the occupation, although some employers require or prefer for candidates to have a high school diploma. They typically learn their skills through on-the-job training that lasts a few weeks. Some bartenders gain experience in other jobs or occupations.   Communication skills. ","Bartenders work at restaurants, hotels, and other food service and drinking establishments. During busy hours, they are under pressure to serve customers quickly and efficiently. They often work late evenings, on weekends, and on holidays. Part-time work is common, and schedules may vary.","bartenders.    Flight attendants provide routine services and respond to emergencies to ensure the safety and comfort of airline passengers. Food and beverage serving and related workers take and prepare orders, clear tables, and do other tasks associated with providing food and drink to customers. Food preparation workers perform a variety of tasks other than cooking, such as slicing meat and brewing coffee. Waiters and waitresses take orders and serve food and beverages to customers in dining establishments. Food service managers are responsible for the daily operation of restaurants or other establishments that prepare and serve food and beverages."
34,Bill and Account Collector,44250.0,Bill and account collectors try to recover payment on overdue bills. They negotiate repayment plans and help people find solutions to make it easier to pay their overdue bills.  Find consumers and businesses who have overdue bills  ,"Bill and account collectors typically need at least a high school diploma to enter the occupation, and they receive training on the job.   Communication skills. ",Many bill and account collectors work in a call center for a third-party collection agency rather than for the original creditor. Most work full time.,"bill and account collectors.    Bookkeeping, accounting, and auditing clerks compute, classify, and record data to help organizations keep complete and accurate financial records. Credit counselors advise and educate individuals or organizations on acquiring and managing debt. They also may provide guidance on credit issues and on budgeting, mortgages, or student financial aid packages. Customer service representatives interact with customers to handle complaints, process orders, and answer questions. Financial clerks do administrative work, help customers, and carry out transactions that involve money. Information clerks perform routine clerical duties, maintain records, collect data, and provide information to customers. Loan officers evaluate, authorize, or recommend approval of loan applications. Private detectives and investigators gather, analyze, and report information to clients regarding legal or personal matters. Tax examiners and collectors, and revenue agents determine how much is owed in taxes and collect tax from individuals and businesses on behalf of the government."
35,Biochemist or Biophysicist,107460.0,"Biochemists and biophysicists study the chemical and physical principles of living things and of biological processes, such as cell development, growth, heredity, and disease.  Plan and conduct complex projects in basic and applied research molecular biologists ",Biochemists and biophysicists need a Ph.D. to work in independent research-and-development positions. Most Ph.D. holders begin their careers in temporary postdoctoral research positions. Bachelor’s and master’s degree holders are qualified for some entry-level positions in biochemistry and biophysics.   Analytical skills. ,Biochemists and biophysicists typically work in laboratories and offices to conduct experiments and analyze the results. Most work full time.,"biochemists and biophysicists.    Agricultural and food scientists research ways to improve the efficiency and safety of agricultural establishments and products. Biological technicians assist biological and medical scientists with tasks such as laboratory setup, data collection, and observation. Bioengineers and biomedical engineers combine engineering principles with sciences to design and create equipment, devices, computer systems, and software. Chemists and materials scientists research and analyze the chemical properties of substances to develop new materials, products, or knowledge. Environmental scientists and specialists conduct research or investigations to protect the environment or human health. Medical scientists conduct research aimed at improving overall human health. Microbiologists study microorganisms such as bacteria, algae, and fungi. Natural sciences managers plan, supervise, or coordinate research and other activities in fields such as life sciences, physical sciences, mathematics, and statistics. Physicists and astronomers study the interactions of matter and energy. Zoologists and wildlife biologists study animals, those both in captivity and in the wild, and how they interact with their ecosystems."
36,Bioengineer or Biomedical Engineer,100730.0,"Bioengineers and biomedical engineers combine engineering principles with sciences to design and create equipment, devices, computer systems, and software.  Design equipment and devices, such as artificial internal organs, replacements for body parts, and machines for diagnosing medical problems Biochemical engineers ","Bioengineers and biomedical engineers typically need a bachelor’s degree in bioengineering, biomedical engineering, or a related engineering field. Some positions require a graduate degree.   Analytical skills. ","Bioengineers and biomedical engineers work in manufacturing, in research facilities, and for a variety of other employers. Most work full time, and some work more than 40 hours per week.","bioengineers and biomedical engineers.    Agricultural engineers solve problems concerning power supplies, machine efficiency, the use of structures and facilities, pollution and environmental issues, and the storage and processing of agricultural products. Architectural and engineering managers plan, direct, and coordinate activities in the fields of architecture and engineering. Biochemists and biophysicists study the chemical and physical principles of living things and of biological processes. Chemical engineers apply the principles of chemistry, physics, and engineering to design equipment and processes for manufacturing products such as gasoline, detergents, and paper. Electrical engineers design, develop, test, and supervise the manufacture of electrical equipment. Materials engineers develop, process, and test materials used to create a wide range of products. Mechanical engineers design, develop, build, and test mechanical and thermal sensors and devices. Medical scientists conduct research aimed at improving overall human health. Physicians and surgeons diagnose and treat injuries or illnesses and address health maintenance. Sales engineers sell business products or services, such as software or support, that require technical expertise."
37,Biological Technician,51430.0,"Biological technicians help biological and medical scientists with tasks such as laboratory setup, data collection, and observation. They also may analyze organic substances, such as blood, food, and drugs.  Set up, maintain, and clean laboratory instruments and equipment, such as microscopes, scales, pipets, and test tubes laboratory assistants ","To enter the occupation, biological technicians typically need a bachelor’s degree in biology or a related field. Although less common, some positions are available to candidates who have less than a bachelor’s degree.   Analytical skills. ",Biological technicians typically work in laboratories and offices. Most work full time.,"biological technicians.    Agricultural and food science technicians help scientists with testing and research related to plants, animals, fibers, and food and beverage products. Biochemists and biophysicists study the chemical and physical principles of living things and of biological processes. Chemical technicians conduct laboratory tests to help scientists analyze the properties of materials. Environmental science and protection technicians monitor the environment and investigate sources of pollution and contamination, including those affecting public health. Epidemiologists are public health workers who investigate patterns and causes of disease and injury. Forensic science technicians aid criminal investigations by collecting and analyzing evidence. Clinical laboratory technologists and technicians perform medical laboratory tests for the diagnosis, treatment, and prevention of disease. Medical scientists conduct research aimed at improving overall human health. Microbiologists study microorganisms such as bacteria, algae, and fungi. Zoologists and wildlife biologists study animals, those both in captivity and in the wild, and how they interact with their ecosystems."
38,Boilermaker,71140.0,"Boilermakers assemble, install, maintain, and repair boilers, closed vats, and other large vessels or containers that hold liquids and gases.  Read blueprints to determine locations, positions, and dimensions of boiler parts  ",Most boilermakers learn their trade through an apprenticeship program.   Mechanical skills. ,Boilermakers do physically demanding work. They may travel to worksites and be away from home for extended periods.,"boilermakers.    Assemblers and fabricators build finished products and the parts that go into them. Stationary engineers and boiler operators control stationary engines, boilers, or other mechanical equipment. Welders, cutters, solderers, and brazers use hand-held or remotely controlled equipment to join, repair, or cut metal parts and products. Machinists and tool and die makers set up and operate equipment to produce precision metal parts, instruments, and tools. Industrial machinery mechanics, machinery maintenance workers, and millwrights install, maintain, and repair factory equipment and other industrial machinery. Plumbers, pipefitters, and steamfitters install and repair piping fixtures and systems. Sheet metal workers fabricate or install products that are made from thin metal sheets. Insulation workers install and replace the materials used to insulate buildings or mechanical systems. Elevator and escalator installers and repairers install, maintain, and fix elevators, escalators, moving walkways, and other lifts. Ironworkers install structural and reinforcing iron and steel to form and support buildings, bridges, and roads."
39,"Bookkeeping, Accounting, or Auditing Clerk",47440.0,"Bookkeeping, accounting, and auditing clerks compute, classify, and record data to help organizations keep complete and accurate financial records.  Use bookkeeping software, spreadsheets, and databases Bookkeeping clerks ","Entry requirements vary for bookkeeping, accounting, and auditing clerks. Some employers require or prefer that workers have taken college courses or have a degree in accounting or a related field. Others may hire workers who have a high school diploma. These workers also learn some of their skills on the job.   Analytical skills.  ","Bookkeeping, accounting, and auditing clerks usually work in an office setting. Most work full time.","bookkeeping, accounting, and auditing clerks.    Accountants and auditors prepare and examine financial records. Budget analysts help public and private organizations plan their finances. Cost estimators collect and analyze data in order to assess the time, money, materials, and labor required to make a product or provide a service. Financial clerks do administrative work, help customers, and carry out transactions that involve money. Loan officers evaluate, authorize, or recommend approval of loan applications. Tax examiners and collectors, and revenue agents determine how much is owed in taxes and collect tax from individuals and businesses on behalf of the government. Bill and account collectors try to recover payment on overdue bills. Buyers and purchasing agents buy products and services for organizations. Purchasing managers oversee the work of buyers and purchasing agents. Secretaries and administrative assistants do routine clerical and organizational tasks. Tellers process routine transactions, such as cashing checks and depositing money, at a bank or credit union."
40,"Broadcast, Sound, or Video Technician",54160.0,"Broadcast, sound, and video technicians set up, operate, and maintain the electrical equipment for radio programs, television broadcasts, concerts, sound recordings, and movies.  Operate, monitor, and adjust audio, video, sound, lighting, and broadcast equipment to ensure consistent quality technicians ","Broadcast, sound, and video technicians typically need postsecondary education. Depending on the work they do, educational requirements may vary.   Communication skills. ","Broadcast, sound, and video technicians typically work indoors in radio, television, movie, and recording studios. They may also work in hotels, arenas, offices, or schools.","broadcast, sound, and video technicians.    Computer support specialists maintain computer networks and provide technical help to computer users. Electrical and electronic engineering technologists and technicians help engineers design and develop equipment that is powered by electricity or electric current. Electrical and electronics installers and repairers install or repair a variety of electrical equipment. Film and video editors and camera operators manipulate moving images that entertain or inform an audience. Announcers present news and sports or may interview guests on media such as radio and television. Disc jockeys (DJs) act as masters of ceremonies (emcees) or play recorded music at weddings, parties, or clubs. News analysts, reporters, and journalists keep the public updated about current events and noteworthy information. Telecommunications technicians install, maintain, and repair radio, internet, and other telecommunications infrastructure."
41,Budget Analyst,84940.0,Budget analysts help public and private organizations plan their finances. They prepare budget reports and monitor organizational spending.  Work with program and project managers to develop the organization’s budget  ,"Budget analysts typically need a bachelor's degree to enter the occupation. Some employers prefer to hire applicants who have a master's degree. Courses in accounting, economics, and statistics are helpful.   Analytical skills. ","Budget analysts work in government agencies, private companies, and universities. Most work full time.","budget analysts.    Accountants and auditors prepare and examine financial records. Cost estimators collect and analyze data in order to assess the time, money, materials, and labor required to make a product or provide a service. Economists conduct research, prepare reports, and evaluate issues related to monetary and fiscal policy. They also may collect and analyze statistical data. Financial analysts guide businesses and individuals in decisions about expending money to attain profit. Financial managers create financial reports, direct investment activities, and develop plans for the long-term financial goals of their organization. Management analysts recommend ways to improve an organization’s efficiency. Tax examiners and collectors, and revenue agents determine how much is owed in taxes and collect tax from individuals and businesses on behalf of the government. Actuaries use mathematics, statistics, and financial theory to analyze the economic costs of risk and uncertainty. Financial examiners ensure compliance with laws that govern institutions handling monetary transactions. Insurance underwriters evaluate insurance applications and decide whether to approve them."
42,Bus Driver,48230.0,"Bus drivers transport people between various places—including school, work, and shopping centers—and across state and national borders. Some drive set routes, and others transport passengers on chartered trips or sightseeing tours. They drive a range of vehicles, from 15-passenger buses to 60-foot articulated buses (with two connected sections) that can carry more than 100 passengers.  Pick up and drop off passengers at designated locations School bus drivers ","Bus drivers must have a commercial driver’s license (CDL), which they sometimes earn during on-the-job training. They also need a good driving record and must meet physical, hearing, and vision requirements. In addition, bus drivers typically need a high school diploma or the equivalent and may be required to pass a background check.   Customer-service skills ","Part-time work is common for bus drivers. Drivers’ schedules may vary and include early mornings, evenings, or weekends. Many bus drivers work for schools, and they work only when schools are in session. Driving through heavy traffic or bad weather and dealing with unruly passengers can be stressful for bus drivers.","bus drivers.    Delivery truck drivers and driver/sales workers pick up, transport, and drop off packages and small shipments within a local region or urban area. Heavy and tractor-trailer truck drivers transport goods from one location to another. Railroad workers ensure that passenger and freight trains operate safely. They may drive trains, coordinate the activities of the trains, or control signals and switches in the rail yard. Water transportation workers operate and maintain vessels that take cargo and people over water. Taxi drivers (including ride-hailing drivers), shuttle drivers, and chauffeurs transport people to and from the places they need to go."
43,Butcher,37650.0,"Butchers cut, trim, and package meat for retail sale.  Receive, inspect, and store meat upon delivery  ",Butchers typically need no formal educational credential to enter the occupation. They learn their skills through on-the-job training.   Customer-service skills. ,"Most butchers work in grocery stores and specialty meat shops. The work can be physically demanding and may include exposure to repetitive motions, dangerous equipment, and cold temperatures.","butchers.    Chefs and head cooks oversee the daily food preparation at restaurants and other places where food is served. Food processing equipment workers operate machinery that mixes, cooks, or processes ingredients for manufacturing food products. Food preparation workers perform a variety of tasks other than cooking, such as slicing meat and brewing coffee."
44,Calibration Technologist or Technician,62790.0,"Calibration technologists and technicians inspect, adjust, and test measurement devices against standards, such as those used in manufacturing, healthcare, and other industries.  Inspect equipment for defects  ",Calibration technologists and technicians typically need an associate’s degree or other postsecondary training in a technical or scientific field. Some workers enter the occupation with a high school diploma and learn their skills on the job.   Communication skills. ,Calibration technologists and technicians work in a variety of settings. Most work full time.,"calibration technologists and technicians.    Assemblers and fabricators build finished products and the parts that go into them. Industrial engineering technologists and technicians help engineers solve problems affecting manufacturing layout or production. Industrial engineers design, develop, and test integrated systems for managing industrial production processes. Industrial machinery mechanics, machinery maintenance workers, and millwrights install, maintain, and repair factory equipment and other industrial machinery. Industrial production managers oversee the operations of manufacturing and related plants. Mechanical engineering technologists and technicians help mechanical engineers design, develop, test, and manufacture machines and other devices. Materials engineers develop, process, and test materials used to create a wide range of products."
45,Career or Technical Education Teacher,63580.0,"Career and technical education (CTE) teachers provide training in subjects such as auto repair, cosmetology, and culinary arts. They teach vocational and technical content to give students the skills and knowledge necessary to enter an occupation.  Create lesson plans and assignments agricultural, food, and natural resources ",Career and technical education teachers typically need at least a bachelor’s degree and work experience in the subject they teach. Public schools may require a state-issued teaching certification or license.  A bachelor’s degree with a minimum grade point average Communication skills. ,"Most career and technical education teachers work in middle, high, and postsecondary schools, such as 2-year colleges. Others work in technical, trade, and business schools. Although they generally work during school hours, some teach evening or weekend classes.","career and technical education teachers.    Elementary, middle, and high school principals oversee all school operations, including daily school activities. High school teachers teach academic lessons and various skills that students will need to attend college and to enter the job market. Instructional coordinators oversee school curriculums and teaching standards. They develop instructional material, implement it, and assess its effectiveness. Middle school teachers educate students, typically in sixth through eighth grades. Postsecondary teachers instruct students in a variety of academic subjects beyond the high school level. School counselors help students develop academic and social skills. Career counselors and advisors help people choose a path to employment. Special education teachers work with students who have a wide range of learning, mental, emotional, and physical disabilities. Teacher assistants work with a licensed teacher to give students additional attention and instruction. Adult basic and secondary education and ESL (English as a Second Language) teachers instruct adults in fundamental skills, such as reading and speaking English. They also help students earn their high school equivalency credential. Kindergarten and elementary school teachers instruct young students in basic subjects in order to prepare them for future schooling."
46,Carpenter,56350.0,"Carpenters construct, repair, and install building frameworks and structures made from wood and other materials.  Follow blueprints and building plans to meet the needs of clients Construction carpenters ",Carpenters typically need a high school diploma and learn on the job or through apprenticeships.   Business skills. ,"Carpenters work indoors and outdoors on many types of construction projects, from installing kitchen cabinets to building highways and bridges.","carpenters.    Construction and building inspectors ensure that construction meets building codes and ordinances, zoning regulations, and contract specifications. Construction laborers and helpers perform tasks, such as using, supplying, or holding materials or tools and cleaning work areas and equipment, on construction sites. Drywall and ceiling tile installers hang wallboard and install ceiling tile inside buildings. Tapers prepare the wallboard for painting. General maintenance and repair workers fix and maintain machines, mechanical equipment, and buildings. Insulation workers install and replace the materials used to insulate buildings or mechanical systems. Roofers replace, repair, and install the roofs of buildings. Solar photovoltaic (PV) installers assemble, set up, and maintain rooftop or other systems that convert sunlight into energy. Flooring installers and tile and stone setters lay and finish carpet, wood, vinyl, tile, and other materials. Woodworkers manufacture a variety of products, such as cabinets and furniture, using wood, veneers, and laminates."
47,Cartographer or Photogrammetrist,76210.0,"Cartographers and photogrammetrists collect, analyze, and interpret geographic information to create and update maps and related products.  Collect and analyze data from surveys, satellite images, and other sources   ","Cartographers and photogrammetrists typically need a bachelor’s degree in cartography, geography, geomatics, surveying, or a related field. Some cartographers and photogrammetrists may need to be licensed.   Communication skills. ","Although cartographers and photogrammetrists spend much of their time in an office setting, some jobs require travel to locations that are being mapped. Most work full time.","cartographers and photogrammetrists.    Civil engineers plan, design, and supervise the construction and maintenance of building and infrastructure projects. Environmental scientists and specialists conduct research or investigations to protect the environment or human health. Geographers study the Earth and the distribution of its land, features, and inhabitants. Forest and conservation workers perform physical labor to improve the quality of natural areas such as forests, rangelands, and wetlands. Landscape architects design parks and other outdoor spaces. Surveying and mapping technicians collect data and make maps of the Earth's surface. Surveyors make precise measurements to determine property boundaries. Urban and regional planners develop comprehensive plans and programs for use of land and physical facilities in cities, counties, metropolitan areas, and other jurisdictions. Geological and hydrologic technicians support scientists and engineers in exploring, extracting, and monitoring natural resources."
48,Cashier,29720.0,"Cashiers process payments and disburse money in retail settings using cash registers, point-of-sale systems, or related equipment.  Greet customers  ",Cashiers typically have no formal education requirement to enter the occupation. They are trained on the job.   Communication skills. ,"Most cashiers work in establishments such as grocery stores, gasoline stations, and restaurants. Work schedules may vary to include evenings, weekends and holidays. Part-time work is common.","cashiers.    Customer service representatives interact with customers to handle complaints, process orders, and answer questions. Retail sales workers sell merchandise, spare and replacement parts, and equipment to customers. Tellers process routine transactions, such as cashing checks and depositing money, at a bank or credit union. Waiters and waitresses take orders and serve food and beverages to customers in dining establishments. Bartenders mix drinks and serve them directly to customers or through wait staff. Food and beverage serving and related workers take and prepare orders, clear tables, and do other tasks associated with providing food and drink to customers."
49,Chef or Head Cook,58920.0,"Chefs and head cooks oversee the daily food preparation at restaurants and other places where food is served. They direct kitchen staff and handle any food-related concerns.  Check the freshness of food and ingredients Executive chefs, head cooks, and chefs de cuisine ","To enter the occupation, chefs and head cooks typically need a high school diploma plus experience. Some attend a culinary program at a community college, technical school, culinary arts school, or 4-year college. Others learn through apprenticeship programs or in the Armed Forces.   Business skills. ","Chefs and head cooks work in restaurants, hotels, and other food service establishments. They often work early mornings, late evenings, weekends, and holidays. The work can be hectic and fast-paced. Most chefs and head cooks work full time.","chefs and head cooks.    Bakers mix ingredients according to recipes in order to make breads, pastries, and other baked goods. Cooks season and prepare foods, including soups, salads, entrees, and desserts. Food and beverage serving and related workers take and prepare orders, clear tables, and do other tasks associated with providing food and drink to customers. Food preparation workers perform a variety of tasks other than cooking, such as slicing meat and brewing coffee. Food service managers are responsible for the daily operation of restaurants or other establishments that prepare and serve food and beverages."
50,Chemical Engineer,112100.0,"Chemical engineers apply the principles of chemistry, physics, and engineering to design equipment and processes for manufacturing products such as gasoline, detergents, and paper.  Conduct research to develop new and improved manufacturing processes  ","To enter the occupation, chemical engineers typically need a bachelor’s degree in chemical engineering or a related field. Some employers prefer to hire candidates who have gained practical experience in an internship or a cooperative education program.   Analytical skills. ","Chemical engineers typically work in an office setting or in laboratories. Most chemical engineers work full time, and some work more than 40 hours per week.","chemical engineers.    Agricultural engineers solve problems concerning power supplies, machine efficiency, the use of structures and facilities, pollution and environmental issues, and the storage and processing of agricultural products. Architectural and engineering managers plan, direct, and coordinate activities in the fields of architecture and engineering. Bioengineers and biomedical engineers combine engineering principles with sciences to design and create equipment, devices, computer systems, and software. Chemical technicians conduct laboratory tests to help scientists analyze the properties of materials. Chemists and materials scientists research and analyze the chemical properties of substances to develop new materials, products, or knowledge. Materials engineers develop, process, and test materials used to create a wide range of products. Nuclear engineers research and develop projects or address problems concerning the release, control, and use of nuclear energy and nuclear waste disposal. Occupational health and safety specialists and technicians collect data on, analyze, and design improvements to work environments and procedures."
51,Chemical Technician,56750.0,Chemical technicians use laboratory instruments and techniques to help scientists analyze the properties of materials.  Monitor chemical processes and test product quality to make sure that they meet standards and specifications  ,"To enter the occupation, chemical technicians typically need an associate’s degree or 2 years of postsecondary education. Some positions require candidates to have a bachelor’s degree; others require a high school diploma. Most chemical technicians receive on-the-job training.   Analytical skills. ","Chemical technicians often work in laboratories or in manufacturing facilities, such as chemical manufacturing plants. Most technicians work full time.","chemical technicians.    Agricultural and food science technicians help scientists with testing and research related to plants, animals, fibers, and food and beverage products. Biological technicians assist biological and medical scientists with tasks such as laboratory setup, data collection, and observation. Chemical engineers apply the principles of chemistry, physics, and engineering to design equipment and processes for manufacturing products such as gasoline, detergents, and paper. Chemists and materials scientists research and analyze the chemical properties of substances to develop new materials, products, or knowledge. Environmental science and protection technicians monitor the environment and investigate sources of pollution and contamination, including those affecting public health. Forensic science technicians aid criminal investigations by collecting and analyzing evidence. Geological and hydrologic technicians support scientists and engineers in exploring, extracting, and monitoring natural resources. Clinical laboratory technologists and technicians perform medical laboratory tests for the diagnosis, treatment, and prevention of disease. Nuclear technicians assist physicists, engineers, and other scientists in nuclear power generation and production activities, such as operating or maintaining nuclear testing equipment."
52,Chemist or Materials Scientist,87180.0,"Chemists and materials scientists research and analyze the chemical properties of substances to develop new materials, products, or knowledge.  Plan and carry out research projects, such as development of products and of testing methods Analytical chemists ","To enter the occupation, chemists and materials scientists typically need at least a bachelor’s degree in chemistry or a related field. However, they may need a master’s degree or Ph.D. for some jobs, such as research positions.   Analytical skills. ","Chemists and materials scientists work in laboratories, offices, and manufacturing facilities. Most work full time.","chemists and materials scientists.    Biochemists and biophysicists study the chemical and physical principles of living things and of biological processes. Chemical engineers apply the principles of chemistry, physics, and engineering to design equipment and processes for manufacturing products such as gasoline, detergents, and paper. Chemical technicians conduct laboratory tests to help scientists analyze the properties of materials. Environmental scientists and specialists conduct research or investigations to protect the environment or human health. Forensic science technicians aid criminal investigations by collecting and analyzing evidence. Geoscientists study the physical aspects of the Earth. High school teachers teach academic lessons and various skills that students will need to attend college and to enter the job market. Materials engineers develop, process, and test materials used to create a wide range of products. Natural sciences managers plan, supervise, or coordinate research and other activities in fields such as life sciences, physical sciences, mathematics, and statistics. Postsecondary teachers instruct students in a variety of academic subjects beyond the high school level."
53,Childcare Worker,30370.0,Childcare workers attend to children's needs while helping to foster early development. They may help younger children prepare for kindergarten or assist older children with homework.  Supervise and monitor the safety of children Childcare center workers ,"Education and training requirements vary by setting, state, and employer. They range from no formal education to a certification in early childhood education.   Communication skills. ","Childcare workers typically work in childcare centers, their own home, or private households. Part-time work and irregular hours are common.","childcare workers.    Kindergarten and elementary school teachers instruct young students in basic subjects in order to prepare them for future schooling. Preschool and childcare center directors supervise and lead their staffs, design program plans, oversee daily activities, and prepare budgets. Preschool teachers educate and care for children younger than age 5 who have not yet entered kindergarten. Special education teachers work with students who have a wide range of learning, mental, emotional, and physical disabilities. Teacher assistants work with a licensed teacher to give students additional attention and instruction."
54,Chiropractor,76530.0,"Chiropractors assess, treat, and care for patients by manipulating the spine and musculoskeletal system. They may provide spinal adjustment or address sacral or pelvic misalignment.  Review a patient's medical history and listen to their concerns  ","Chiropractors typically need a Doctor of Chiropractic (D.C.) degree. Completing a D.C. program typically takes about 4 years, in addition to at least 3 years of undergraduate study. Every state requires chiropractors to be licensed.   Communication skills.  ","Most chiropractors work in a solo or group chiropractic practice. Some are self-employed. Chiropractors usually work full time, but part-time work is common.","chiropractors.    Athletic trainers specialize in preventing, diagnosing, and treating muscle and bone injuries and illnesses. Massage therapists treat clients by applying pressure to manipulate the body's soft tissues and joints. Occupational therapists evaluate and treat people who have injuries, illnesses, or disabilities to help them with vocational, daily living, and other skills that promote independence. Physical therapists help injured or ill people improve movement and manage pain. Physicians and surgeons diagnose and treat injuries or illnesses and address health maintenance. Podiatrists provide medical and surgical care for people with foot, ankle, and lower leg problems. Exercise physiologists develop fitness and exercise programs to help people improve their health. Dentists diagnose and treat problems with patients’ teeth, gums, and related parts of the mouth. Optometrists diagnose, manage, and treat conditions and diseases of the human eye and visual system, including examining eyes and prescribing corrective lenses."
55,Civil Engineering Technologist or Technician,60700.0,"Civil engineering technologists and technicians help civil engineers plan, design, and build highways, bridges, utilities, and other infrastructure projects. They also help to plan, design, and build commercial, industrial, residential, and land development projects.  Read and review project drawings and plans to determine the sizes of structures  ","An associate’s degree, preferably in civil engineering technology, is typically required to enter the occupation.   Critical-thinking skills. ","Civil engineering technologists and technicians work in offices, helping civil engineers plan and design projects. They also visit construction jobsites to collect or test materials or to observe activities as a project inspector.","civil engineering technologists and technicians.    Civil engineers plan, design, and supervise the construction and maintenance of building and infrastructure projects. Drafters use software to convert the designs of engineers and architects into technical drawings. Surveying and mapping technicians collect data and make maps of the Earth's surface. Surveyors make precise measurements to determine property boundaries."
56,Civil Engineer,95890.0,"Civil engineers plan, design, and supervise the construction and maintenance of building and infrastructure projects. These projects may include facilities, bridges, roads, tunnels, and water and sewage systems.  Analyze plans, survey reports, maps, and other data related to project design Construction engineers ","Civil engineers typically need a bachelor’s degree in civil engineering or a related field. Although licensure requirements vary by state, civil engineers usually must be licensed if they provide services directly to the public.   Communication skills. ","Civil engineers work in a variety of locations and conditions, commonly splitting their time between an office setting and construction sites. Most civil engineers work full time, and some work more than 40 hours per week.","civil engineers.    Architects plan and design houses, factories, office buildings, and other structures. Civil engineering technologists and technicians help civil engineers plan, design, and build infrastructure and development projects. Construction managers plan, coordinate, budget, and supervise construction projects from start to finish. Environmental engineers use engineering disciplines in developing solutions to problems of planetary health. Landscape architects design parks and other outdoor spaces. Mechanical engineers design, develop, build, and test mechanical and thermal sensors and devices. Surveyors make precise measurements to determine property boundaries. Urban and regional planners develop comprehensive plans and programs for use of land and physical facilities in cities, counties, metropolitan areas, and other jurisdictions. Architectural and engineering managers plan, direct, and coordinate activities in the fields of architecture and engineering. Project management specialists coordinate the budget, schedule, staffing, and other details of a project."
57,"Claims Adjuster, Appraiser, Examiner, or Investigator",75020.0,"Claims adjusters, appraisers, examiners, and investigators evaluate insurance claims. They decide whether an insurance company must pay a claim and if so, how much.  Investigate, evaluate, and settle insurance claims Adjusters ","A high school diploma or equivalent is typically required for a person to work as an entry-level claims adjuster, examiner, or investigator, although some positions require a bachelor’s degree or insurance-related work experience. Auto damage appraisers typically have either a postsecondary nondegree award or work experience in identifying and estimating the cost of automotive repair.   Analytical skills. ","Most claims adjusters, appraisers, examiners, and investigators work full time. They often work outside the office, inspecting properties on which insurance claims have been made, such as damaged automobiles and buildings.","claims adjusters, appraisers, examiners, and investigators.    Property appraisers and assessors provide a value estimate on real estate and on tangible personal and business property. Automotive body and glass repairers restore, refinish, and replace vehicle bodies and frames, windshields, and window glass. Automotive service technicians and mechanics inspect, maintain, and repair cars and light trucks. Construction and building inspectors ensure that construction meets building codes and ordinances, zoning regulations, and contract specifications. Cost estimators collect and analyze data in order to assess the time, money, materials, and labor required to make a product or provide a service. Fire inspectors detect fire hazards, recommend prevention measures, ensure compliance with state and local fire regulations, and investigate causes of fires."
58,Clinical Laboratory Technologist or Technician,60780.0,"Clinical laboratory technologists (also known as medical laboratory scientists) and clinical laboratory technicians (also known as medical laboratory technicians) perform medical laboratory tests for the diagnosis, treatment, and prevention of disease.  Test and analyze body fluids, such as blood, urine, and tissue samples medical laboratory scientists ",Clinical laboratory technologists and technicians typically need a bachelor’s degree to enter the occupation. Technicians sometimes qualify for jobs with an associate’s degree. Some states require technologists and technicians to be licensed. Employers may prefer to hire candidates who have certification.   Analytical skills. ,"Most clinical laboratory technologists and technicians work in healthcare settings such as hospitals, medical and diagnostic laboratories, and doctor’s offices. Most work full time.","clinical laboratory technologists and technicians.    Biological technicians assist biological and medical scientists with tasks such as laboratory setup, data collection, and observation. Chemical technicians conduct laboratory tests to help scientists analyze the properties of materials. Chemists and materials scientists research and analyze the chemical properties of substances to develop new materials, products, or knowledge. Phlebotomists draw blood for tests, transfusions, research, or blood donations. Veterinary technologists and technicians do medical tests that help diagnose animals’ injuries and illnesses."
59,Coach or Scout,45910.0,"Coaches teach amateur and professional athletes the skills they need to succeed at their sport. Scouts look for new players, evaluating their skills and likelihood for success at the amateur, college, or professional level. Many coaches also are involved in scouting potential athletes for their team.  Plan, organize, and conduct practice sessions  ","Coaches and scouts typically need a bachelor’s degree. However, educational requirements for coaches and scouts may vary from no formal educational credential to a bachelor’s or higher degree. These workers also need extensive knowledge of the sport. Coaches typically gain this knowledge through their own experiences playing the sport at some level. Although previous playing experience may be beneficial, it is not required for most scouting jobs.   Communication skills ","Part-time work is common for coaches and scouts. Full-time coaches may work more than 40 hours a week for several months during the sports season. Work schedules for coaches and scouts vary and may involve irregular hours, including evenings, weekends, and holidays. They may need to travel frequently.","coaches and scouts.    Athletes and sports competitors participate in organized, officiated sporting events to entertain spectators. Athletic trainers specialize in preventing, diagnosing, and treating muscle and bone injuries and illnesses. Dietitians and nutritionists plan and conduct food service or nutritional programs to help people lead healthy lives. Fitness trainers and instructors lead, instruct, and motivate individuals or groups in exercise activities. High school teachers teach academic lessons and various skills that students will need to attend college and to enter the job market. Kindergarten and elementary school teachers instruct young students in basic subjects in order to prepare them for future schooling. Middle school teachers educate students, typically in sixth through eighth grades. Umpires, referees, and other sports officials preside over competitive athletic or sporting events to help maintain standards of play."
60,Community Health Worker,48200.0,"Community health workers promote wellness by helping people adopt healthy behaviors. They implement programs and advocate for people who may have limited access to health resources and social services.  Coordinate care among individuals, communities, and health and social service systems community health representatives ","To enter the occupation, community health workers typically need at least a high school diploma; some employers prefer to hire candidates who have postsecondary education. To attain competency, they typically complete a brief period of on-the-job training, and some states require certification.   Communication skills. ","Community health workers are employed in a variety of settings, including hospitals, public health departments, and community-based organizations. Most work full time.","community health workers.    Health education specialists develop programs to teach people about conditions affecting well-being. Home health and personal care aides monitor the condition of people with disabilities or chronic illnesses and help them with daily living activities. Licensed practical nurses (LPNs) and licensed vocational nurses (LVNs) provide basic medical care. Registered nurses (RNs) provide and coordinate patient care and educate patients and the public about various health conditions. Social and human service assistants provide client services in a variety of fields, such as psychology, rehabilitation, and social work. Social workers help people prevent and cope with problems in their everyday lives. Substance abuse, behavioral disorder, and mental health counselors advise people on a range of issues, such as those relating to alcoholism, addictions, or depression."
61,"Compensation, Benefits, and Job Analysis Specialist",74530.0,"Compensation, benefits, and job analysis specialists oversee wage and nonwage programs that an organization provides to its employees in return for their work. They also evaluate position descriptions to determine details such as classification and salary.  Research compensation and benefits policies and plans Compensation specialists ","Compensation, benefits, and job analysis specialists typically need a bachelor’s degree and related work experience to enter the occupation.   Analytical skills. ","Compensation, benefits, and job analysis specialists are employed in nearly every industry. They typically work in offices, and most are full time.","compensation, benefits, and job analysis specialists.    Buyers and purchasing agents buy products and services for organizations. Purchasing managers oversee the work of buyers and purchasing agents. Compensation and benefits managers plan, develop, and oversee programs to pay employees. Human resources managers plan, coordinate, and direct the administrative functions of an organization. Human resources specialists recruit, screen, and interview job applicants and place newly hired workers in jobs. They also may handle compensation and benefits, training, and employee relations. Insurance sales agents contact potential customers and sell one or more types of insurance. Training and development managers plan, coordinate, and direct skills- and knowledge-enhancement programs for an organization’s staff. Training and development specialists plan and administer programs that improve the skills and knowledge of their employees. Labor relations specialists resolve employee-management disputes and negotiate labor contracts."
62,Compensation or Benefits Manager,136380.0,"Compensation and benefits managers plan, develop, and oversee programs to pay employees.  Coordinate and supervise the work activities of staff Compensation managers ",Compensation and benefits managers typically need a combination of education and related work experience.   Analytical skills. ,Compensation and benefits managers work in nearly every industry. Some work more than 40 hours per week.,"compensation and benefits managers.    Administrative services and facilities managers plan, direct, and coordinate activities that help an organization run efficiently. Compensation, benefits, and job analysis specialists oversee wage and nonwage programs that an organization provides to its employees in return for their work. They also evaluate position descriptions to determine details such as classification and salary. Financial managers create financial reports, direct investment activities, and develop plans for the long-term financial goals of their organization. Human resources managers plan, coordinate, and direct the administrative functions of an organization. Human resources specialists recruit, screen, and interview job applicants and place newly hired workers in jobs. They also may handle compensation and benefits, training, and employee relations. Labor relations specialists resolve employee-management disputes and negotiate labor contracts. Buyers and purchasing agents buy products and services for organizations. Purchasing managers oversee the work of buyers and purchasing agents. Top executives plan strategies and policies to ensure that an organization meets its goals. Training and development managers plan, coordinate, and direct skills- and knowledge-enhancement programs for an organization’s staff. Training and development specialists plan and administer programs that improve the skills and knowledge of their employees."
63,Compliance Officer,75670.0,Compliance officers make sure that people and organizations meet legal and regulatory requirements.  Stay current on relevant laws and regulations and advise individuals and organizations on how to comply with them  ,Compliance officers typically need a bachelor’s degree to enter the occupation. They often receive training on the job. Employers may prefer or require candidates to have experience related to the position.   Analytical skills.  ,"Compliance officers work for a variety of employers, usually in an office setting. Most work full time.","compliance officers.    Accountants and auditors prepare and examine financial records. Construction and building inspectors ensure that construction meets building codes and ordinances, zoning regulations, and contract specifications. Environmental scientists and specialists conduct research or investigations to protect the environment or human health. Financial examiners ensure compliance with laws that govern institutions handling monetary transactions. Fire inspectors detect fire hazards, recommend prevention measures, ensure compliance with state and local fire regulations, and investigate causes of fires. Lawyers advise and represent clients on legal proceedings or transactions. Paralegals and legal assistants supportlawyersby performing a variety of tasks, such as maintaining and organizing files, conducting legal research, and drafting documents. Tax examiners and collectors, and revenue agents determine how much is owed in taxes and collect tax from individuals and businesses on behalf of the government. Training and development specialists plan and administer programs that improve the skills and knowledge of their employees."
64,Computer and Information Research Scientist,145080.0,"Computer and information research scientists design innovative uses for new and existing technology. They study and solve complex problems in computing for business, science, medicine, and other fields.  Explore problems in computing and develop theories and models to address those problems Programming. ","Computer and information research scientists typically need at least a master’s degree in computer science or a related field. In the federal government, a bachelor’s degree may be sufficient for some jobs.   Analytical skills. ",Most computer and information research scientists work full time.,"computer and information research scientists.    Computer and information systems managers plan, coordinate, and direct computer-related activities in an organization. Computer hardware engineers research, design, develop, and test computer systems and components. Computer programmers write, modify, and test code and scripts that allow computer software and applications to function properly. Database administrators and architects create or organize systems to store and secure data. Data scientists use analytical tools and techniques to extract meaningful insights from data. Software developers design computer applications or programs. Software quality assurance analysts and testers identify problems with applications or programs and report defects. Computer network architects design and implement data communication networks, including local area networks (LANs), wide area networks (WANs), and intranets. Computer systems analysts study an organization’s current computer systems and design ways to improve efficiency. Information security analysts plan and carry out security measures to protect an organization’s computer networks and systems. Network and computer systems administrators install, configure, and maintain organizations’ computer networks and systems. Web developers create and maintain websites. Digital designers develop, create, and test website or interface layout, functions, and navigation for usability. Top executives plan strategies and policies to ensure that an organization meets its goals."
65,Computer and Information Systems Manager,169510.0,"Computer and information systems managers, often called information technology (IT) managers, plan, coordinate, and direct computer-related activities in an organization. They help determine the IT goals of an organization and are responsible for implementing computer systems to meet those goals.  Analyze their organization’s IT needs and recommend possible upgrades  ","Computer and information systems managers typically need a bachelor’s degree in computer science or information technology, plus related work experience, to enter the occupation. Some employers require or prefer that candidates have a graduate degree.   Analytical ","Computer and information systems managers are employed in many industries. They usually work in an office setting. Most work full time, and some work more than 40 hours per week.","computer and information systems managers.    Computer and information research scientists design innovative uses for new and existing computing technology. Computer network architects design and implement data communication networks, including local area networks (LANs), wide area networks (WANs), and intranets. Computer hardware engineers research, design, develop, and test computer systems and components. Computer programmers write, modify, and test code and scripts that allow computer software and applications to function properly. Computer systems analysts study an organization’s current computer systems and design ways to improve efficiency. Database administrators and architects create or organize systems to store and secure data. Network and computer systems administrators install, configure, and maintain organizations’ computer networks and systems. Software developers design computer applications or programs. Software quality assurance analysts and testers identify problems with applications or programs and report defects. Top executives plan strategies and policies to ensure that an organization meets its goals. Web developers create and maintain websites. Digital designers develop, create, and test website or interface layout, functions, and navigation for usability. Project management specialists coordinate the budget, schedule, staffing, and other details of a project."
66,Computer Hardware Engineer,138080.0,"Computer hardware engineers research, design, develop, and test computer systems and components such as processors, circuit boards, memory devices, networks, and routers.  Design new computer hardware, creating schematics of computer equipment to be built  ",Computer hardware engineers typically need a bachelor’s degree from an accredited program.   Analytical skills. ,Computer hardware engineers usually work in research laboratories that build and test various types of computer models. Most work in computer systems design services and in manufacturing.,"computer hardware engineers.    Aerospace engineers design, develop, and test aircraft, spacecraft, satellites, and missiles. Computer and information research scientists design innovative uses for new and existing computing technology. Computer and information systems managers plan, coordinate, and direct computer-related activities in an organization. Computer network architects design and implement data communication networks, including local area networks (LANs), wide area networks (WANs), and intranets. Computer programmers write, modify, and test code and scripts that allow computer software and applications to function properly. Electrical engineers design, develop, test, and supervise the manufacture of electrical equipment. Mechanical engineers design, develop, build, and test mechanical and thermal sensors and devices. Software developers design computer applications or programs. Software quality assurance analysts and testers identify problems with applications or programs and report defects. Network and computer systems administrators install, configure, and maintain organizations’ computer networks and systems."
67,Computer Network Architect,129840.0,"Computer network architects design and implement data communication networks, including local area networks (LANs), wide area networks (WANs), and intranets. These networks range from small connections between two offices to virtual capabilities such as a cloud infrastructure that serves multiple customers.  Create plans and layouts for data communication networks network engineers ","Computer network architects typically need a bachelor’s degree in a computer-related field and experience in a related occupation, such as network and computer systems administrators.   Analytical skills. ","Most computer network architects work full time, and some work more than 40 hours per week. Network architects work in a variety of industries, usually in an office setting.","computer network architects.    Computer and information research scientists design innovative uses for new and existing computing technology. Computer and information systems managers plan, coordinate, and direct computer-related activities in an organization. Computer hardware engineers research, design, develop, and test computer systems and components. Computer programmers write, modify, and test code and scripts that allow computer software and applications to function properly. Computer support specialists maintain computer networks and provide technical help to computer users. Computer systems analysts study an organization’s current computer systems and design ways to improve efficiency. Database administrators and architects create or organize systems to store and secure data. Information security analysts plan and carry out security measures to protect an organization’s computer networks and systems. Network and computer systems administrators install, configure, and maintain organizations’ computer networks and systems. Software developers design computer applications or programs. Software quality assurance analysts and testers identify problems with applications or programs and report defects."
68,Computer Programmer,99700.0,"Computer programmers write, modify, and test code and scripts that allow computer software and applications to function properly. They turn the designs created by software developers and engineers into instructions that a computer can follow. In addition, programmers run tests to ensure that newly created applications and software produce the expected results. If the products do not work correctly, programmers check the code or scripts for mistakes and modify them.  Write programs in a variety of computer languages, such as C++ and Java  ",Computer programmers typically need a bachelor’s degree in computer science or a related subject. Most programmers specialize in several programming languages.   Analytical skills. ,"Programmers usually work in office settings, most commonly in the computer systems design and related services industry. Most computer programmers work full time.","computer programmers.    Computer and information research scientists design innovative uses for new and existing computing technology. Computer and information systems managers plan, coordinate, and direct computer-related activities in an organization. Computer hardware engineers research, design, develop, and test computer systems and components. Computer network architects design and implement data communication networks, including local area networks (LANs), wide area networks (WANs), and intranets. Computer support specialists maintain computer networks and provide technical help to computer users. Computer systems analysts study an organization’s current computer systems and design ways to improve efficiency. Database administrators and architects create or organize systems to store and secure data. Information security analysts plan and carry out security measures to protect an organization’s computer networks and systems. Network and computer systems administrators install, configure, and maintain organizations’ computer networks and systems. Software developers design computer applications or programs. Software quality assurance analysts and testers identify problems with applications or programs and report defects. Web developers create and maintain websites. Digital designers develop, create, and test website or interface layout, functions, and navigation for usability."
69,Computer Support Specialist,60810.0,Computer support specialists assist computer users and organizations. These specialists either maintain computer networks or provide technical help directly to computer users.  Test and evaluate existing network systems Computer network support specialists ,"Entry requirements vary for computer support specialists. Network support specialists typically need an associate’s degree, and user support specialists typically need to complete some college courses. However, candidates for either type of position may qualify with a high school diploma plus relevant information technology (IT) certifications.   Communication skills.  ","Most computer support specialists work full time. Because computer support services may need to be available 24 hours a day, some specialists work nights or weekends.","computer support specialists.    Computer and information systems managers plan, coordinate, and direct computer-related activities in an organization. Computer network architects design and implement data communication networks, including local area networks (LANs), wide area networks (WANs), and intranets. Computer programmers write, modify, and test code and scripts that allow computer software and applications to function properly. Computer systems analysts study an organization’s current computer systems and design ways to improve efficiency. Customer service representatives interact with customers to handle complaints, process orders, and answer questions. Database administrators and architects create or organize systems to store and secure data. Network and computer systems administrators install, configure, and maintain organizations’ computer networks and systems. Information security analysts plan and carry out security measures to protect an organization’s computer networks and systems. Web developers create and maintain websites. Digital designers develop, create, and test website or interface layout, functions, and navigation for usability."
70,Computer Systems Analyst,103800.0,"Computer systems analysts, sometimes called systems architects, study an organization’s current computer systems and procedures and design improvements to them. In doing so, these analysts help the organization operate more efficiently.  Consult with managers to determine the role of information technology (IT) systems in an organization systems architects ","Computer systems analysts typically need a bachelor’s degree to enter the occupation. Studying a computer science or information systems field is common, although not always a requirement. Some firms hire job candidates who have a degree in business or liberal arts along with relevant skills.   Analytical skills ",Most computer systems analysts work full time.,"computer systems analysts.    Actuaries use mathematics, statistics, and financial theory to analyze the economic costs of risk and uncertainty. Computer and information research scientists design innovative uses for new and existing computing technology. Computer and information systems managers plan, coordinate, and direct computer-related activities in an organization. Computer network architects design and implement data communication networks, including local area networks (LANs), wide area networks (WANs), and intranets. Computer programmers write, modify, and test code and scripts that allow computer software and applications to function properly. Database administrators and architects create or organize systems to store and secure data. Information security analysts plan and carry out security measures to protect an organization’s computer networks and systems. Management analysts recommend ways to improve an organization’s efficiency. Network and computer systems administrators install, configure, and maintain organizations’ computer networks and systems. Operations research analysts use mathematics and logic to help solve complex issues. Software developers design computer applications or programs. Software quality assurance analysts and testers identify problems with applications or programs and report defects. Computer support specialists maintain computer networks and provide technical help to computer users. Web developers create and maintain websites. Digital designers develop, create, and test website or interface layout, functions, and navigation for usability."
71,Conservation Scientist or Forester,68300.0,"Conservation scientists and foresters manage the land quality of forests, parks, rangelands, and other natural resources.  Oversee conservation and forestry activities to ensure compliance with government regulations and protection of habitats Conservation land managers ","Conservation scientists and foresters typically need a bachelor’s degree in forestry, natural resources, or a related field.   Analytical skills. ","Conservation scientists and foresters work for federal, state, and local governments; on privately owned lands; or in social advocacy organizations. Most conservation scientists and foresters work full time, and schedules may vary.","conservation scientists and foresters.    Agricultural and food scientists research ways to improve the efficiency and safety of agricultural establishments and products. Environmental science and protection technicians monitor the environment and investigate sources of pollution and contamination, including those affecting public health. Firefighters control and put out fires and respond to emergencies involving life, property, or the environment. Forest and conservation workers perform physical labor to improve the quality of natural areas such as forests, rangelands, and wetlands. Zoologists and wildlife biologists study animals, those both in captivity and in the wild, and how they interact with their ecosystems."
72,Construction or Building Inspector,67700.0,"Construction and building inspectors ensure that construction meets local and national building codes and ordinances, zoning regulations, and contract specifications.  Review building plans and approve those that meet requirements Building inspectors ",Construction and building inspectors usually need a high school diploma and work experience in a construction trade to enter the occupation. They typically learn on the job to attain competency. Many states and localities require some type of license or certification.   Communication skills. ,"Construction and building inspectors examine worksites, both alone and as part of a team. Some inspectors climb ladders or crawl in tight spaces. Most work full time during regular business hours.","construction and building inspectors.    Property appraisers and assessors provide a value estimate on real estate and on tangible personal and business property. Architects plan and design houses, factories, office buildings, and other structures. Carpenters construct, repair, and install building frameworks and structures made from wood and other materials. Electricians install, maintain, and repair electrical power, communications, lighting, and control systems. Plumbers, pipefitters, and steamfitters install and repair piping fixtures and systems. Electrical and electronic engineering technologists and technicians help engineers design and develop equipment that is powered by electricity or electric current. Electrical engineers design, develop, test, and supervise the manufacture of electrical equipment. Surveyors make precise measurements to determine property boundaries. Construction managers plan, coordinate, budget, and supervise construction projects from start to finish. Occupational health and safety specialists and technicians collect data on, analyze, and design improvements to work environments and procedures."
73,Construction Equipment Operator,55270.0,"Construction equipment operators drive, maneuver, or control the heavy machinery used to construct roads, bridges, buildings, and other structures.  Clean and maintain equipment, making basic repairs as necessary Operating engineers  ","Workers may learn equipment operation on the job after earning a high school diploma or equivalent, through an apprenticeship, or by attending vocational schools.   Ability to work at heights.  ","Construction equipment operators may work even in unpleasant weather. Most operators work full time, and some have irregular work schedules that include nights.","construction equipment operators.    Material moving machine operators use equipment to transport objects. Heavy and tractor-trailer truck drivers transport goods from one location to another. Farmers, ranchers, and other agricultural managers run establishments that produce crops, livestock, and dairy products. Agricultural workers maintain crops and tend livestock."
74,Construction Laborer or Helper,44310.0,"Construction laborers and helpers perform tasks, such as using, supplying, or holding materials or tools and cleaning work areas and equipment, on construction sites.  Clean and prepare construction sites by removing debris and possible hazards Construction laborers ","Construction laborers and helpers learn on the job. Formal education is not typically required, but some employers may prefer to hire candidates who have a high school diploma or the equivalent.   Color vision. ","Most construction laborers and helpers work full time, and schedules may vary. Their jobs are often physically demanding and may require being outdoors in all weather conditions.","construction laborers and helpers.    Carpenters construct, repair, and install building frameworks and structures made from wood and other materials. Electricians install, maintain, and repair electrical power, communications, lighting, and control systems. Hazardous materials removal workers identify and dispose of harmful substances such as asbestos, lead, and radioactive waste. Painters apply paint, stain, and coatings to walls and ceilings, buildings, large machinery and equipment, and bridges and other structures. Plumbers, pipefitters, and steamfitters install and repair piping fixtures and systems. Material moving machine operators use equipment to transport objects. Grounds maintenance workers install and maintain landscapes, prune trees or shrubs, and do other tasks to ensure that vegetation is attractive, orderly, and safe. Flooring installers and tile and stone setters lay and finish carpet, wood, vinyl, tile, and other materials. Masonry workers use bricks, concrete and concrete blocks, and natural and manmade stones to build structures."
75,Construction Manager,104900.0,"Construction managers plan, coordinate, budget, and supervise construction projects from start to finish.  Prepare cost estimates, budgets, and work timetables general contractors ","Construction managers typically need a bachelor’s degree, and they learn management techniques through on-the-job training. Large construction firms may prefer to hire candidates who have both construction experience and a bachelor’s degree in a construction-related field. Firms might hire as managers those who have a high school diploma and many years of experience in a construction trade; however, these people may be more likely to work as self-employed general contractors than to be hired as construction managers.   Analytical skills. ","Construction managers may have a main office but spend most of their time in a field office onsite, where they monitor projects and make decisions about construction activities. Their schedules may vary.","construction managers.    Architects plan and design houses, factories, office buildings, and other structures. Architectural and engineering managers plan, direct, and coordinate activities in the fields of architecture and engineering. Civil engineers plan, design, and supervise the construction and maintenance of building and infrastructure projects. Cost estimators collect and analyze data in order to assess the time, money, materials, and labor required to make a product or provide a service. Landscape architects design parks and other outdoor spaces. Project management specialists coordinate the budget, schedule, staffing, and other details of a project."
76,Cook,34320.0,"Cooks season and prepare foods, including soups, salads, entrees, and desserts.  Ensure the freshness of ingredients assistant cooks ","Most cooks learn their skills through on-the-job training and work-related experience. Although no formal education is typically required, some cooks attend culinary schools. Others attend vocational or apprenticeship programs.   Attention to detail. ","Cooks work in restaurants, schools, hospitals, private households, and other places where food is prepared and served. Their work hours may include early mornings, late evenings, holidays, and weekends. Most cooks work full time, although part-time work is common.","cooks.    Bakers mix ingredients according to recipes in order to make breads, pastries, and other baked goods. Food and beverage serving and related workers take and prepare orders, clear tables, and do other tasks associated with providing food and drink to customers. Food preparation workers perform a variety of tasks other than cooking, such as slicing meat and brewing coffee. Food service managers are responsible for the daily operation of restaurants or other establishments that prepare and serve food and beverages."
77,Correctional Officer or Bailiff,53290.0,"Correctional officers guard people in penal institutions and guard those in transit between jail, courtroom, prison, or other point. Bailiffs, also known as marshals or court officers, are law enforcement officers who maintain order in courtrooms.  Enforce rules and keep order within jails or prisons marshals ",Correctional officers and bailiffs typically need a high school diploma to enter their occupation. They typically attend a training academy.   Decision-making ,"Working in a correctional institution can be stressful and dangerous. Correctional officers work in shifts that cover all hours of the day and night, including weekends and holidays. Bailiffs usually work when court is in session.","correctional officers and bailiffs.    Police officers protect lives and property. Detectives and criminal investigators gather facts and collect evidence of possible crimes. Probation officers and correctional treatment specialists assist in rehabilitating law offenders in custody or on probation or parole. Security guards and gambling surveillance officers protect property from illegal activity. Firefighters control and put out fires and respond to emergencies involving life, property, or the environment."
78,Cost Estimator,74740.0,"Cost estimators collect and analyze data in order to assess the time, money, materials, and labor required to manufacture a product, construct a building, or provide a service. They generally specialize in a particular product or industry.  Identify factors affecting costs, such as production time, materials, and labor Construction cost estimators ","Cost estimators typically need a bachelor’s degree to enter the occupation, although workers with several years of experience in construction sometimes qualify in that industry without a degree.   Analytical skills. ","Cost estimators work mostly in office settings, and some estimators also visit construction sites and factory assembly lines. Most cost estimators work full time, and some work more than 40 hours per week.","cost estimators.    Accountants and auditors prepare and examine financial records. Budget analysts help public and private organizations plan their finances. Claims adjusters, appraisers, examiners, and investigators evaluate insurance claims. Construction managers plan, coordinate, budget, and supervise construction projects from start to finish. Financial analysts guide businesses and individuals in decisions about expending money to attain profit. Financial managers create financial reports, direct investment activities, and develop plans for the long-term financial goals of their organization. Industrial production managers oversee the operations of manufacturing and related plants. Logisticians analyze and coordinate an organization’s supply chain. Operations research analysts use mathematics and logic to help solve complex issues. Project management specialists coordinate the budget, schedule, staffing, and other details of a project."
79,Court Reporter or Simultaneous Captioner,63940.0,"Court reporters create word-for-word transcriptions at trials, depositions, administrative hearings, and other legal proceedings. Simultaneous captioners provide similar transcriptions for television or for presentations in other settings, such as press conferences and business meetings, for people who are deaf or hard of hearing.  Attend depositions, hearings, proceedings, and other events that require verbatim transcripts Broadcast captioners ",Many community colleges and technical institutes offer postsecondary certificate programs for court reporters and simultaneous captioners. These workers typically on-the-job training; the length of training varies by type of reporting or captioning. Many states require court reporters and simultaneous captioners to have a state license or a certification from a professional association.   Concentration. ,"Most court reporters work in courts or legislatures; simultaneous captioners may work from their home or a central office. Some court reporters and simultaneous captioners travel to other locations, such as meeting sites or public events.",court reporters and simultaneous captioners.    Interpreters and translators convert information from one language into another language. Medical transcriptionists use electronic devices to convert voice recordings from physicians and other healthcare workers into formal reports.
80,Craft or Fine Artist,52910.0,"Craft and fine artists use a variety of materials and techniques to create original works of art for sale and exhibition. Craft artists create objects, such as pottery, glassware, and textiles, that are designed to be functional. Fine artists, including painters, sculptors, and illustrators, create pieces of art more for aesthetics than for function.  Use techniques such as knitting, weaving, glassblowing, painting, drawing, and sculpting Cartoonists ",Craft and fine artists improve their skills through practice and repetition. Formal education is often helpful for these artists.   Artistic ability. ,"Many artists work in fine- or commercial-art studios located in office buildings, warehouses, or lofts. Others work in private studios in their homes. Some artists share studio space, where they also may exhibit their work.","craft and fine artists.    Art directors are responsible for the visual style and images in magazines, newspapers, product packaging, and movie and television productions. Archivists and curators oversee institutions’ collections, such as of historical items or of artwork. Museum technicians and conservators prepare and restore items in those collections. Fashion designers create clothing, accessories, and footwear. Graphic designers create visual concepts, using computer software or by hand, to communicate ideas that inspire, inform, and captivate consumers. Industrial designers combine art, business, and engineering to develop the concepts for manufactured products. Jewelers and precious stone and metal workers design, construct, adjust, repair, appraise and sell jewelry and related products. Special effects artists and animators create images that appear to move and visual effects for various forms of media and entertainment. Photographers use their technical expertise, creativity, and composition skills to produce and preserve images. Woodworkers manufacture a variety of products, such as cabinets and furniture, using wood, veneers, and laminates."
81,Credit Counselor,48570.0,"Credit counselors advise and educate individuals or organizations on acquiring and managing debt. They may also provide guidance on credit issues and on budgeting, mortgages, or student financial aid packages.  Interview clients by telephone or in person to gather financial information  housing counselors ","Credit counselors typically need a bachelor’s degree to enter the occupation. Candidates with a high school diploma may qualify for some jobs. Once hired, workers typically need several months of on-the-job training to attain competency.   Analytical skills. ",Most credit counselors work full time. They usually work standard business hours but may need to work in the evenings or on weekends to meet with clients.,"credit counselors.    Budget analysts help public and private organizations plan their finances. Financial analysts guide businesses and individuals in decisions about expending money to attain profit. Financial examiners ensure compliance with laws that govern institutions handling monetary transactions. Financial managers create financial reports, direct investment activities, and develop plans for the long-term financial goals of their organization. Loan officers evaluate, authorize, or recommend approval of loan applications. Personal financial advisors provide advice to help individuals manage their money and plan for their financial future. Tax examiners and collectors, and revenue agents determine how much is owed in taxes and collect tax from individuals and businesses on behalf of the government."
82,Customer Service Representative,39680.0,"Customer service representatives work with customers to resolve complaints, process orders, and provide information about an organization’s products and services.  Listen to customers’ questions and concerns and provide answers or responses  ",Customer service representatives typically need a high school diploma or equivalent to enter the occupation and receive on-the-job training to learn the specific skills needed for the job. They should be good at communicating and interacting with people.   Communication skills. ,Customer service representatives are employed in nearly every industry. Most work full time.,"customer service representatives.    Computer support specialists maintain computer networks and provide technical help to computer users. Financial clerks do administrative work, help customers, and carry out transactions that involve money. Information clerks perform routine clerical duties, maintain records, collect data, and provide information to customers. Insurance sales agents contact potential customers and sell one or more types of insurance. Receptionists do tasks such as answering phones, receiving visitors, and providing information about their organization to the public. Retail sales workers sell merchandise, spare and replacement parts, and equipment to customers. Tellers process routine transactions, such as cashing checks and depositing money, at a bank or credit union. Wholesale and manufacturing sales representatives sell goods for wholesalers or manufacturers to businesses, government agencies, and other organizations. General office clerks perform a variety of clerical tasks, including answering telephones, typing documents, and filing records."
83,Dancer or Choreographer,,"Dancers and choreographers use dance performances to express ideas and stories. There are many types of dance, such as ballet, tango, modern dance, tap, and jazz.  Audition for a part in a show or for a job within a dance company  ","Education and training requirements vary with the type of dancer; however, all dancers need many years of formal training. Nearly all choreographers began their careers as dancers.   Athleticism. ","Some dancers work in performing arts companies, or are self-employed. Choreographers may work in dance schools, and others may work as self-employed choreographers.","dancers and choreographers.    Actors express ideas and portray characters in theater, film, television, and other performing arts media. Art directors are responsible for the visual style and images in magazines, newspapers, product packaging, and movie and television productions. Music directors lead musical groups during performances and recording sessions. Composers write and arrange original music in a variety of musical styles. Musicians and singers play instruments or sing for live audiences and in recording studios. Postsecondary teachers instruct students in a variety of academic subjects beyond the high school level. Producers and directors make business and creative decisions about film, television, stage, and other productions."
84,Database Administrator or Architect,117450.0,"Database administrators and architects create or organize systems to store and secure a variety of data, such as financial information and customer shipping records. They also make sure that the data are available to authorized users.  Identify user needs to create and administer databases System DBAs ",Database administrators (DBAs) and architects typically need a bachelor’s degree in computer and information technology or a related field.   Analytical skills ,"Many database administrators and architects work in firms that provide computer design services or in industries that have large databases, such educational institutions and insurance companies. Most database administrators and architects work full time.","database administrators and architects.    Computer and information systems managers plan, coordinate, and direct computer-related activities in an organization. Computer network architects design and implement data communication networks, including local area networks (LANs), wide area networks (WANs), and intranets. Computer programmers write, modify, and test code and scripts that allow computer software and applications to function properly. Computer support specialists maintain computer networks and provide technical help to computer users. Computer systems analysts study an organization’s current computer systems and design ways to improve efficiency. Financial analysts guide businesses and individuals in decisions about expending money to attain profit. Information security analysts plan and carry out security measures to protect an organization’s computer networks and systems. Network and computer systems administrators install, configure, and maintain organizations’ computer networks and systems. Market research analysts study consumer preferences, business conditions, and other factors to assess potential sales of a product or service. Operations research analysts use mathematics and logic to help solve complex issues. Software developers design computer applications or programs. Software quality assurance analysts and testers identify problems with applications or programs and report defects. Web developers create and maintain websites. Digital designers develop, create, and test website or interface layout, functions, and navigation for usability."
85,Data Scientist,108020.0,Data scientists use analytical tools and techniques to extract meaningful insights from data.  Determine which data are available and useful for the project  ,"Data scientists typically need at least a bachelor’s degree in mathematics, statistics, computer science, or a related field to enter the occupation. However, some employers require or prefer that candidates have a master’s or doctoral degree.   Analytical skills. ",Data scientists spend much of their time in an office setting. Most work full time.,"data scientists.    Actuaries use mathematics, statistics, and financial theory to analyze the economic costs of risk and uncertainty. Computer and information research scientists design innovative uses for new and existing computing technology. Economists conduct research, prepare reports, and evaluate issues related to monetary and fiscal policy. They also may collect and analyze statistical data. Financial analysts guide businesses and individuals in decisions about expending money to attain profit. Market research analysts study consumer preferences, business conditions, and other factors to assess potential sales of a product or service. Mathematicians and statisticians analyze data and apply computational techniques to solve problems. Operations research analysts use mathematics and logic to help solve complex issues. Software developers design computer applications or programs. Software quality assurance analysts and testers identify problems with applications or programs and report defects. Survey researchers design and conduct surveys and analyze data."
86,Delivery Truck Driver or Driver/Sales Worker,39950.0,"Delivery truck drivers and driver/sales workers pick up, transport, and drop off packages and small shipments within a local region or urban area. They drive trucks weighing less than 26,001 pounds total for vehicle, passengers, and cargo. Delivery truck drivers usually transport merchandise from a distribution center to businesses and households.  Load and unload their cargo Driver/sales workers ","Delivery truck drivers and driver/sales workers typically need a high school diploma or equivalent to enter these occupations. However, some opportunities exist for those without a high school diploma. Workers undergo 1 month or less of on-the-job training. They must have a driver’s license from the state in which they work and have a clean driving record.   Customer-service skills ","Delivery truck drivers and driver/sales workers have a physically demanding job. Driving a truck for long periods can be tiring. When loading and unloading cargo, drivers do a lot of lifting, carrying, and walking.","delivery truck drivers and driver/sales workers.    Bus drivers transport people between various places. Hand laborers and material movers manually move freight, stock, or other materials. Heavy and tractor-trailer truck drivers transport goods from one location to another. Material recording clerks track product information in order to keep businesses and supply chains on schedule. Postal service workers sell postage and related products and collect, sort, and deliver mail. Railroad workers ensure that passenger and freight trains operate safely. They may drive trains, coordinate the activities of the trains, or control signals and switches in the rail yard. Water transportation workers operate and maintain vessels that take cargo and people over water."
87,Dental or Ophthalmic Laboratory Technician or Medical Appliance Technician,44640.0,"Dental and ophthalmic laboratory technicians and medical appliance technicians make or repair dentures, eyeglasses, prosthetics, and related products.  Read and follow detailed work orders and prescriptions Dental laboratory technicians ","To enter the occupation, dental and ophthalmic laboratory technicians and medical appliance technicians typically need at least a high school diploma or equivalent. They typically receive on-the-job training to attain competency.   Detail oriented. ","Dental and ophthalmic laboratory technicians and medical appliance technicians usually work in clean, well-lighted spaces and may spend time standing or bending. Most work full time, and schedules may vary.","dental and ophthalmic laboratory technicians and medical appliance technicians.    Opticians fit customers for eyeglasses and contact lenses and help them select which frames and lenses to buy. Optometrists diagnose, manage, and treat conditions and diseases of the human eye and visual system, including examining eyes and prescribing corrective lenses. Medical equipment repairers install, maintain, and repair patient care equipment. Dentists diagnose and treat problems with patients’ teeth, gums, and related parts of the mouth. Orthotists and prosthetists measure, design, fit, and adapt medical devices, such as supportive braces and artificial limbs, for patients who have disabling conditions."
88,Dental Assistant,46540.0,"Dental assistants have many tasks, including patient care, recordkeeping, and appointment scheduling. Their duties vary by state and by the dentists’ offices in which they work.  Ensure that patients are comfortable in the dental chair  ","There are several possible paths to becoming a dental assistant. Some states require assistants to graduate from an accredited program and pass an exam. In other states, there are no formal educational requirements, and dental assistants learn through on-the-job training.   Detail oriented. ",Almost all dental assistants work in dentists’ offices. Most work full time.,"dental assistants.    Dental and ophthalmic laboratory technicians and medical appliance technicians make or repair dentures, eyeglasses, prosthetics, and related products. Dental hygienists examine patients for signs of oral diseases, such as gingivitis, and provide preventive care, including oral hygiene. Dentists diagnose and treat problems with patients’ teeth, gums, and related parts of the mouth. Medical assistants complete administrative and clinical tasks, such as scheduling appointments and taking patients’ vital signs. Occupational therapy assistants and aides help occupational therapists provide treatments and procedures to clients, or they do routine tasks such as preparing treatment rooms. Pharmacy technicians help pharmacists dispense prescription medication to customers or health professionals. Phlebotomists draw blood for tests, transfusions, research, or blood donations. Physical therapist assistants and aides are supervised by physical therapists to help patients regain movement and manage pain after injuries and illnesses. Surgical assistants and technologists help with surgical operations. Veterinary assistants and laboratory animal caretakers handle routine animal care and help scientists,veterinarians, and others with their daily tasks."
89,Dental Hygienist,87530.0,"Dental hygienists examine patients for signs of oral diseases, such as gingivitis, and provide preventive care, including oral hygiene. They also educate patients about oral health.  Remove tartar, stains, and plaque from teeth dental therapists ",Dental hygienists typically need an associate’s degree in dental hygiene. Programs usually take 3 years to complete. All states require dental hygienists to be licensed; requirements vary by state.   Critical thinking.  ,"Nearly all dental hygienists work in dentists’ offices, and many work part time.","dental hygienists.    Dental assistants provide patient care, take x rays, keep records, and schedule appointments. Dentists diagnose and treat problems with patients’ teeth, gums, and related parts of the mouth. Medical assistants complete administrative and clinical tasks, such as scheduling appointments and taking patients’ vital signs. Physician assistants examine, diagnose, and treat patients under the supervision of a physician. Physicians and surgeons diagnose and treat injuries or illnesses and address health maintenance. Radiation therapists administer doses of radiation to patients who have cancer or other serious diseases. Radiologic technologists perform diagnostic imaging examinations on patients. MRI technologists operate magnetic resonance imaging (MRI) scanners to create diagnostic images. Registered nurses (RNs) provide and coordinate patient care and educate patients and the public about various health conditions."
90,Dentist,170910.0,"Dentists diagnose and treat problems with patients’ teeth, gums, and related parts of the mouth. They provide advice and instruction on taking care of the teeth and gums and on diet choices that affect oral health.  Remove decay from teeth and fill cavities Dental anesthesiologists  ","Dentists must be licensed in the state in which they work. Licensure requirements vary by state, although candidates usually must have a Doctor of Dental Surgery (DDS) or Doctor of Medicine in Dentistry/Doctor of Dental Medicine (DMD) degree from an accredited dental program and pass written and clinical exams. Dentists who practice in a specialty area must complete postdoctoral training.   Communication skills. ",Some dentists have their own business and work alone or with a small staff. Other dentists have partners in their practice. Still others work as associate dentists for established dental practices.,"dentists.    Chiropractors assess, treat, and care for patients by manipulating the spine and musculoskeletal system. Dental and ophthalmic laboratory technicians and medical appliance technicians make or repair dentures, eyeglasses, prosthetics, and related products. Dental assistants provide patient care, take x rays, keep records, and schedule appointments. Dental hygienists examine patients for signs of oral diseases, such as gingivitis, and provide preventive care, including oral hygiene. Medical scientists conduct research aimed at improving overall human health. Optometrists diagnose, manage, and treat conditions and diseases of the human eye and visual system, including examining eyes and prescribing corrective lenses. Physicians and surgeons diagnose and treat injuries or illnesses and address health maintenance. Podiatrists provide medical and surgical care for people with foot, ankle, and lower leg problems. Veterinarians care for the health of animals and work to protect public health."
91,Desktop Publisher,51290.0,"Desktop publishers use computer software to design page layouts for newspapers, books, brochures, and other items that are printed or published online.  Review text, graphics, or other materials created by writers and designers  ","Desktop publishers usually need an associate’s degree. They also receive short-term on-the-job training, lasting about 1 month.   Artistic ability. ","Many desktop publishers work full time, and they may need to work additional hours to meet publication deadlines.","desktop publishers.    Editors plan, review, and revise content for publication. Film and video editors and camera operators manipulate moving images that entertain or inform an audience. Graphic designers create visual concepts, using computer software or by hand, to communicate ideas that inspire, inform, and captivate consumers. Special effects artists and animators create images that appear to move and visual effects for various forms of media and entertainment. Technical writers prepare instruction manuals, how-to guides, journal articles, and other supporting documents to communicate complex and technical information more easily."
92,Diagnostic Medical Sonographer or Cardiovascular Technologist and Technician,80850.0,"Diagnostic medical sonographers and cardiovascular technologists and technicians operate special equipment to create images or conduct tests. They work closely with physicians and surgeons, who view the images and test results to assess and diagnose medical conditions.  Prepare patients by explaining the procedure to them and answering their questions Diagnostic medical sonographers ","Diagnostic medical sonographers and cardiovascular technologists and technicians typically need formal education, such as an associate’s degree or a postsecondary certificate. Employers may require or prefer that workers have  certification.   Communication skills. ","Most diagnostic medical sonographers and cardiovascular technologists and technicians work in healthcare settings, such as hospitals and offices of physicians. Although most are full time, part-time work is common.","diagnostic medical sonographers and cardiovascular technologists and technicians.    Clinical laboratory technologists and technicians perform medical laboratory tests for the diagnosis, treatment, and prevention of disease. Nuclear medicine technologists prepare and administer radioactive drugs for imaging or treatment. Radiologic technologists perform diagnostic imaging examinations on patients. MRI technologists operate magnetic resonance imaging (MRI) scanners to create diagnostic images. Radiation therapists administer doses of radiation to patients who have cancer or other serious diseases. Registered nurses (RNs) provide and coordinate patient care and educate patients and the public about various health conditions."
93,Diesel Service Technician or Mechanic,58970.0,"Diesel service technicians and mechanics (also known as diesel technicians) inspect, repair, or overhaul buses and trucks, or maintain and repair any type of diesel engine.  Consult with customers,  read work orders, and determine work required diesel technicians ","Although most diesel technicians learn on the job after a high school education, employers are increasingly preferring applicants who have completed postsecondary training programs in diesel engine repair. In addition, obtaining industry certification may be helpful because certification demonstrates a diesel technician’s competence and experience.   Customer-service skills ","Diesel service technicians and mechanics usually work in well-ventilated and sometimes noisy repair shops. They occasionally repair vehicles on roadsides or at worksites. Most diesel technicians work full time, and overtime and evening shifts are common.","diesel service technicians and mechanics.    Aircraft and avionics equipment mechanics and technicians install, test, adjust, and repair equipment and systems in aircraft. Automotive body and glass repairers restore, refinish, and replace vehicle bodies and frames, windshields, and window glass. Automotive service technicians and mechanics inspect, maintain, and repair cars and light trucks. Heavy vehicle and mobile equipment service technicians inspect, maintain, and repair vehicles and machinery used in construction, farming, and other industries. Small engine mechanics inspect, service, and repair motorized power equipment."
94,Dietitian or Nutritionist,69680.0,Dietitians and nutritionists are experts in the use of food and nutrition to promote health and manage disease. They plan and conduct food service or nutritional programs to help people lead healthy lives.  Assess clients’ nutritional and health needs Clinical dietitians and clinical nutritionists ,"To enter the occupation, dietitians and nutritionists typically need a bachelor's or master’s degree. They also typically are required to have supervised training through an internship. Many states require dietitians and nutritionists to be licensed.   Analytical skills. ","Dietitians and nutritionists work in many settings, including hospitals, nursing homes, clinics, cafeterias, and for state and local governments.","dietitians and nutritionists.    Registered nurses (RNs) provide and coordinate patient care and educate patients and the public about various health conditions. Health education specialists develop programs to teach people about conditions affecting well-being. Rehabilitation counselors work with clients to overcome or manage the personal, social, or psychological effects of disabilities on employment or independent living."
95,Drafter,62530.0,"Drafters use software to convert the designs of architects and engineers into technical drawings. Most workers specialize in architectural, civil, electrical, or mechanical drafting and use technical drawings to help design everything from microchips to skyscrapers.  Design plans using computer-aided design (CAD) software CAD operators ","Drafters typically complete education after high school, often through a program at a community college or technical school. Some programs lead to an associate of applied science in drafting or a related degree. Others result in a certificate or diploma.   Creativity ","Although drafters spend much of their time working on computers in an office, some may visit jobsites in order to collaborate with architects and engineers. Most drafters work full time.","drafters.    Architects plan and design houses, factories, office buildings, and other structures. Civil engineering technologists and technicians help civil engineers plan, design, and build infrastructure and development projects. Electrical and electronic engineering technologists and technicians help engineers design and develop equipment that is powered by electricity or electric current. Electrical engineers design, develop, test, and supervise the manufacture of electrical equipment. Industrial designers combine art, business, and engineering to develop the concepts for manufactured products. Landscape architects design parks and other outdoor spaces. Mechanical engineering technologists and technicians help mechanical engineers design, develop, test, and manufacture machines and other devices. Mechanical engineers design, develop, build, and test mechanical and thermal sensors and devices. Surveying and mapping technicians collect data and make maps of the Earth's surface. Surveyors make precise measurements to determine property boundaries."
96,"Drywall Installer, Ceiling Tile Installer, or Taper",57010.0,"Drywall installers and ceiling tile installers hang wallboard and install ceiling tile inside buildings. Tapers prepare the wallboard for painting, using tape and other materials. Many workers both install and tape wallboard.  Measure, mark, and cut drywall panels according to design plans   Drywall installers ","Most drywall installers, ceiling tile installers, and tapers learn their trade on the job. A formal educational credential is typically not required to enter the occupation.   Ability to work at heights. ","Drywall installers, ceiling tile installers, and tapers work indoors. Workers spend most of the day standing, bending, or reaching, and they often must lift and maneuver heavy wallboard.","drywall installers, ceiling tile installers, and tapers.    Masonry workers use bricks, concrete and concrete blocks, and natural and manmade stones to build structures. Carpenters construct, repair, and install building frameworks and structures made from wood and other materials. Construction laborers and helpers perform tasks, such as using, supplying, or holding materials or tools and cleaning work areas and equipment, on construction sites. Painters apply paint, stain, and coatings to walls and ceilings, buildings, large machinery and equipment, and bridges and other structures. Flooring installers and tile and stone setters lay and finish carpet, wood, vinyl, tile, and other materials. Insulation workers install and replace the materials used to insulate buildings or mechanical systems. Roofers replace, repair, and install the roofs of buildings."
97,Economist,115730.0,"Economists conduct research, prepare reports, and evaluate issues related to monetary and fiscal policy. They also may collect and analyze statistical data.  Research economic issues related to education, the labor force, international trade, and other topics  ","Economists typically need at least a master’s degree to enter the occupation. However, some economists—primarily in government—qualify for positions with a bachelor’s degree. Others need a Ph.D.   Analytical skills. ","Economists typically work in an office setting, either independently or collaborating with a variety of other workers. Most economists work full time, and some work more than 40 hours per week.","economists.    Actuaries use mathematics, statistics, and financial theory to analyze the economic costs of risk and uncertainty. Budget analysts help public and private organizations plan their finances. Data scientists use analytical tools and techniques to extract meaningful insights from data. Financial analysts guide businesses and individuals in decisions about expending money to attain profit. Market research analysts study consumer preferences, business conditions, and other factors to assess potential sales of a product or service. Mathematicians and statisticians analyze data and apply computational techniques to solve problems. Operations research analysts use mathematics and logic to help solve complex issues. Political scientists study the origin, development, and operation of political systems. Postsecondary teachers instruct students in a variety of academic subjects beyond the high school level. Survey researchers design and conduct surveys and analyze data. Urban and regional planners develop comprehensive plans and programs for use of land and physical facilities in cities, counties, metropolitan areas, and other jurisdictions."
98,Editor,75020.0,"Editors plan, review, and revise content for publication.  Read content and correct spelling, punctuation, and grammatical errors Assistant editors ","A bachelor’s degree in communications, journalism, or English, combined with previous writing and proofreading experience, is typically required to be an editor.   Creativity. ","Most editors work in offices, whether onsite with their employer or from a remote location. The work can be stressful because editors often have tight deadlines.","editors.    News analysts, reporters, and journalists keep the public updated about current events and noteworthy information. Technical writers prepare instruction manuals, how-to guides, journal articles, and other supporting documents to communicate complex and technical information more easily. Writers and authors develop written content for various types of media. Advertising, promotions, and marketing managers plan programs to generate interest in products or services. Desktop publishers use computer software to design page layouts for items that are printed or published online."
99,Electrical or Electronic Engineering Technologist or Technician,72800.0,"Electrical and electronic engineering technologists and technicians help electrical and electronics engineers plan and develop communications equipment, computers, medical monitoring devices, or other equipment that is powered by other electricity or electric current. They often work in product evaluation and testing, using measuring and diagnostic devices to test, adjust, and repair equipment. They are also involved in assembling equipment for automation.  Assemble electrical and electronic systems and prototypes  ","Electrical and electronic engineering technologists and technicians typically need an associate’s degree. However, requirements may vary by employer.   Communication skills. ","Electrical and electronic engineering technologists and technicians work on teams with electrical engineers. They may work in offices, laboratories, or factories. Most work full time.","electrical and electronic engineering technologists and technicians.    Aircraft and avionics equipment mechanics and technicians install, test, adjust, and repair equipment and systems in aircraft. Electrical engineers design, develop, test, and supervise the manufacture of electrical equipment. Electrical and electronics installers and repairers install or repair a variety of electrical equipment. Electro-mechanical and mechatronics technologists and technicians operate, test, and maintain electromechanical or robotic equipment. Mechanical engineering technologists and technicians help mechanical engineers design, develop, test, and manufacture machines and other devices."
100,Electrical or Electronics Engineer,109010.0,"Electrical engineers design, develop, test, and supervise the manufacture of electrical equipment, such as electric motors, radar and navigation systems, communications systems, or power generation equipment. Electrical engineers also design the electrical systems of automobiles and aircraft.  Design new ways to use electrical power to develop or improve products  ","Electrical and electronics engineers must have a bachelor’s degree. Employers also value practical experience, such as internships or participation in cooperative engineering programs, in which students earn academic credit for structured work experience.  A degree from an ABET-accredited engineering program Concentration. ","Electrical and electronics engineers work in industries including research and development, engineering services, manufacturing, telecommunications, and the federal government. Electrical and electronics engineers generally work indoors in offices. However, they may have to visit sites to observe a problem or a piece of complex equipment.","electrical and electronics engineers.    Aerospace engineers design, develop, and test aircraft, spacecraft, satellites, and missiles. Architectural and engineering managers plan, direct, and coordinate activities in the fields of architecture and engineering. Bioengineers and biomedical engineers combine engineering principles with sciences to design and create equipment, devices, computer systems, and software. Computer hardware engineers research, design, develop, and test computer systems and components. Electrical and electronic engineering technologists and technicians help engineers design and develop equipment that is powered by electricity or electric current. Electrical and electronics installers and repairers install or repair a variety of electrical equipment. Electricians install, maintain, and repair electrical power, communications, lighting, and control systems. Network and computer systems administrators install, configure, and maintain organizations’ computer networks and systems. Sales engineers sell business products or services, such as software or support, that require technical expertise. Electro-mechanical and mechatronics technologists and technicians operate, test, and maintain electromechanical or robotic equipment."
101,Electrical or Electronics Installer and Repairer,67220.0,"Electrical and electronics installers and repairers install or repair a variety of electrical equipment in transportation, utilities, and other industries.  Discuss problems and requirements with customers Commercial and industrial electrical and electronics equipment repairers ","Electrical and electronics installers and repairers need at least a high school education, but most specializations require further preparation through advanced education, work experience, or both.   Color vision. ",Many electrical and electronics installers and repairers work in repair shops or in factories. Installers and repairers may have to lift heavy equipment and work in awkward positions. The majority work full time.,"electrical and electronics installers and repairers.    Electricians install, maintain, and repair electrical power, communications, lighting, and control systems. Aircraft and avionics equipment mechanics and technicians install, test, adjust, and repair equipment and systems in aircraft. Telecommunications technicians install, maintain, and repair radio, internet, and other telecommunications infrastructure. Elevator and escalator installers and repairers install, maintain, and fix elevators, escalators, moving walkways, and other lifts. General maintenance and repair workers fix and maintain machines, mechanical equipment, and buildings. Electrical engineers design, develop, test, and supervise the manufacture of electrical equipment. Electrical and electronic engineering technologists and technicians help engineers design and develop equipment that is powered by electricity or electric current. Industrial machinery mechanics, machinery maintenance workers, and millwrights install, maintain, and repair factory equipment and other industrial machinery."
102,Electrical Power-Line Installer and Repairer,85420.0,"Electrical power-line installers and repairers install or repair cables or wires used in electrical power or distribution systems. They also may erect poles or transmission towers.  Install, maintain, or repair the power lines that move electricity  ","To enter the occupation, electrical power-line installers and repairers typically need a high school diploma or equivalent. To become proficient, they typically need technical instruction and on-the-job training. Apprenticeships are common.   Ability to work at heights.  ","Electrical power-line installers and repairers encounter serious hazards on the job, including working with high-voltage electricity, often at great heights. The work also can be physically demanding. Most electrical power-line installers and repairers work full time, and some work more than 40 hours per week.","electrical power-line installers and repairers.    Electrical engineers design, develop, test, and supervise the manufacture of electrical equipment. Electricians install, maintain, and repair electrical power, communications, lighting, and control systems. Power plant operators, distributors, and dispatchers control the systems that generate and distribute electric power. Telecommunications technicians install, maintain, and repair radio, internet, and other telecommunications infrastructure."
103,Electrician,61590.0,"Electricians install, maintain, and repair electrical power, communications, lighting, and control systems in homes, businesses, and factories.  Read blueprints or technical diagrams Lineman electricians ","Most electricians learn through an apprenticeship, but some start out by attending a technical school. Most states require electricians to be licensed. For more information, contact your local or state electrical licensing board.   Color vision ",Almost all electricians work full time. Work schedules may include evenings and weekends. Overtime is common.,"electricians.    Aircraft and avionics equipment mechanics and technicians install, test, adjust, and repair equipment and systems in aircraft. Drafters use software to convert the designs of engineers and architects into technical drawings. Electrical and electronic engineering technologists and technicians help engineers design and develop equipment that is powered by electricity or electric current. Electrical engineers design, develop, test, and supervise the manufacture of electrical equipment. Electrical and electronics installers and repairers install or repair a variety of electrical equipment. Elevator and escalator installers and repairers install, maintain, and fix elevators, escalators, moving walkways, and other lifts. Heating, air conditioning, and refrigeration mechanics and installers work on heating, ventilation, cooling, and refrigeration systems. Electrical power-line installers and repairers install or repair cables or wires used in electrical power or distribution systems. Solar photovoltaic (PV) installers assemble, set up, and maintain rooftop or other systems that convert sunlight into energy. Power plant operators, distributors, and dispatchers control the systems that generate and distribute electric power."
104,Electro-mechanical or Mechatronic Technologist or Technician,65080.0,"Electro-mechanical and mechatronics technologists and technicians combine knowledge of mechanical technology with knowledge of electrical and electronic circuitry. They operate, test, and maintain unmanned, automated, robotic, or electromechanical equipment.  Read blueprints, schematics, and diagrams to determine the method and sequence of assembly of a machine or a piece of equipment  ",Electro-mechanical and mechatronics technologists and technicians typically need either an associate’s degree or a postsecondary certificate.   Communication skills. ,"Electro-mechanical and mechatronics technologists and technicians work with electrical and mechanical engineers. Most work full time, and some work more than 40 hours per week.","electro-mechanical and mechatronics technologists and technicians.    Drafters use software to convert the designs of engineers and architects into technical drawings. Electrical and electronic engineering technologists and technicians help engineers design and develop equipment that is powered by electricity or electric current. Electrical engineers design, develop, test, and supervise the manufacture of electrical equipment. Electrical and electronics installers and repairers install or repair a variety of electrical equipment. Machinists and tool and die makers set up and operate equipment to produce precision metal parts, instruments, and tools. Mechanical engineering technologists and technicians help mechanical engineers design, develop, test, and manufacture machines and other devices. Mechanical engineers design, develop, build, and test mechanical and thermal sensors and devices."
105,"Elementary, Middle, or High School Principal",103460.0,"Elementary, middle, and high school principals oversee all school operations, including daily school activities. They coordinate curriculums, manage staff, and provide a safe and productive learning environment for students.  Manage school activities and staff, including teachers and support personnel  ","Most schools require elementary, middle, and high school principals to have a master’s degree in education administration or leadership. Principals also need teaching experience.   Communication skills. ","Principals work in public and private elementary, middle, and high schools. Typically, principals work year round.","elementary, middle, and high school principals.    Career and technical education teachers instruct students in various technical and vocational subjects, such as auto repair, healthcare, and culinary arts. High school teachers teach academic lessons and various skills that students will need to attend college and to enter the job market. Instructional coordinators oversee school curriculums and teaching standards. They develop instructional material, implement it, and assess its effectiveness. Kindergarten and elementary school teachers instruct young students in basic subjects in order to prepare them for future schooling. Librarians and library media specialists help people find information and conduct research for personal and professional use. Middle school teachers educate students, typically in sixth through eighth grades. Postsecondary education administrators oversee student services, academics, and faculty research at colleges and universities. Postsecondary teachers instruct students in a variety of academic subjects beyond the high school level. Preschool and childcare center directors supervise and lead their staffs, design program plans, oversee daily activities, and prepare budgets. Preschool teachers educate and care for children younger than age 5 who have not yet entered kindergarten. School counselors help students develop academic and social skills. Career counselors and advisors help people choose a path to employment. Special education teachers work with students who have a wide range of learning, mental, emotional, and physical disabilities. Teacher assistants work with a licensed teacher to give students additional attention and instruction."
106,Elevator or Escalator Installer and Repairer,102420.0,"Elevator and escalator installers and repairers install, maintain, and fix elevators, escalators, moving walkways, and other lifts.  Read and interpret blueprints to determine the layout of system components and to select the equipment needed for installation or repair elevator and escalator constructors ",Elevator and escalator installers and repairers typically need a high school diploma or equivalent. Nearly all learn how to do the work through an apprenticeship. Most states require workers to be licensed.   Ability to work at heights.  ,"Elevator and escalator installers and repairers often work in cramped areas inside crawl spaces and machine rooms, and they may work at heights in elevator shafts. Most elevator and escalator installers and repairers work full time. Repairers may be on call 24 hours a day or may need to work overtime.","elevator and escalator installers and repairers.    Boilermakers assemble, install, maintain, and repair boilers, closed vats, and other large vessels or containers that hold liquids and gases. Electrical and electronics installers and repairers install or repair a variety of electrical equipment. Electricians install, maintain, and repair electrical power, communications, lighting, and control systems. Industrial machinery mechanics, machinery maintenance workers, and millwrights install, maintain, and repair factory equipment and other industrial machinery. Ironworkers install structural and reinforcing iron and steel to form and support buildings, bridges, and roads. Sheet metal workers fabricate or install products that are made from thin metal sheets. Wind turbine service technicians maintain and repair wind turbines."
107,Emergency Management Director,83960.0,"Emergency management directors prepare plans and procedures for responding to natural disasters and other emergencies. They also help lead the response during and after emergencies, often in coordination with public safety officials, elected officials, nonprofit organizations, and government agencies.  Assess hazards and prepare plans to respond to emergencies and disasters in order to minimize risk to people and property business continuity managers ","Emergency management directors typically need a bachelor’s degree and many years of work experience in emergency response, disaster planning, or public administration.   Communication skills ","Most emergency management directors work for local or state governments. Others work for organizations such as hospitals, colleges and universities, or private companies.","emergency management directors.    Budget analysts help public and private organizations plan their finances. Emergency medical technicians (EMTs) and paramedics assess injuries and illnesses, provide emergency medical care, and may transport patients to medical facilities. Firefighters control and put out fires and respond to emergencies involving life, property, or the environment. Management analysts recommend ways to improve an organization’s efficiency. Police officers protect lives and property. Detectives and criminal investigators gather facts and collect evidence of possible crimes. Project management specialists coordinate the budget, schedule, staffing, and other details of a project. Top executives plan strategies and policies to ensure that an organization meets its goals."
108,EMT or Paramedic,44780.0,"Emergency medical technicians (EMTs) and paramedics assess injuries and illnesses, provide emergency medical care, and may transport patients to medical facilities.  Respond to calls for medical assistance, such as at the scene of a car accident in which someone is injured EMT ",Emergency medical technicians (EMTs) and paramedics typically complete a postsecondary educational program. All states require EMTs and paramedics to be licensed in the state in which they work; requirements vary by state.   Communication skills.  ,"Most EMTs and paramedics work full time, and some work more than 40 hours per week. Schedules may vary to include nights, weekends, and holidays. Their work may be physically strenuous and stressful, sometimes involving life-or-death situations.","EMTs and paramedics.    Emergency management directors prepare plans and procedures for responding to natural disasters or other emergencies. They also help lead the response during and after emergencies. Firefighters control and put out fires and respond to emergencies involving life, property, or the environment. Medical assistants complete administrative and clinical tasks, such as scheduling appointments and taking patients’ vital signs. Police officers protect lives and property. Detectives and criminal investigators gather facts and collect evidence of possible crimes. Physician assistants examine, diagnose, and treat patients under the supervision of a physician. Registered nurses (RNs) provide and coordinate patient care and educate patients and the public about various health conditions."
109,Entertainment or Recreation Manager,73460.0,"Entertainment and recreation managers plan, direct, or coordinate activities and operations related to fitness and leisure.  Plan programs of events or schedules of activities  ","Requirements vary for becoming an entertainment or recreation manager. Some workers typically need a bachelor’s degree, while others enter the occupation with a high school diploma. Work experience is also important.   Business skills. ","Entertainment and recreation managers typically work in various office settings, such as in recreational facilities or on cruise ships. However, many also spend time at event sites or outdoors, such as in parks. Most work full time. Work schedules may vary and can include nights, weekends, and holidays.","entertainment and recreation managers.    Administrative services and facilities managers plan, direct, and coordinate activities that help an organization run efficiently. Fitness trainers and instructors lead, instruct, and motivate individuals or groups in exercise activities. Fundraisers organize activities to raise money and other kinds of donations for an organization. Lodging managers ensure that guests have a pleasant experience at an accommodations facility. They also plan, direct, or coordinate activities to ensure that the facility is efficient and profitable. Meeting, convention, and event planners arrange all aspects of events and professional gatherings. Recreation workers organize, conduct, and promote a variety of group activities for leisure and other purposes. Recreational therapists plan, direct, and coordinate recreation-based medical treatment programs for people with disabilities, injuries, or illnesses. Travel agents sell transportation, lodging, and entertainment activities to individuals and groups planning trips."
110,Environmental Engineering Technologist or Technician,54000.0,"Environmental engineering technologists and technicians carry out the plans that environmental engineers develop.  Set up, test, operate, and modify equipment used to prevent or clean up environmental pollution  ",Environmental engineering technologists and technicians typically need an associate’s degree in environmental engineering technology or a related field.   Communication skills.  ,Most environmental engineering technologists and technicians work full time. They may work both indoors and outside and often have regular working hours.,"environmental engineering technologists and technicians.    Environmental engineers use engineering disciplines in developing solutions to problems of planetary health. Environmental science and protection technicians monitor the environment and investigate sources of pollution and contamination, including those affecting public health. Environmental scientists and specialists conduct research or investigations to protect the environment or human health. Hazardous materials removal workers identify and dispose of harmful substances such as asbestos, lead, and radioactive waste."
111,Environmental Engineer,100090.0,"Environmental engineers use engineering disciplines in developing solutions to problems of planetary health. Their work may involve concerns such as waste treatment, site remediation, and pollution control technology.  Prepare, review, update, and present reports on issues related to the environment  ","Environmental engineers typically need a bachelor’s degree in environmental engineering or a related field, such as chemical, civil, or general engineering. Some employers prefer to hire candidates who have gained practical experience in an internship or cooperative education program.   Communication skills. ","Environmental engineers work both in an office setting and in the field. Most work full time, and some work more than 40 hours per week.","environmental engineers.    Chemical engineers apply the principles of chemistry, physics, and engineering to design equipment and processes for manufacturing products such as gasoline, detergents, and paper. Civil engineers plan, design, and supervise the construction and maintenance of building and infrastructure projects. Environmental engineering technologists and technicians implement the plans that environmental engineers develop. Environmental scientists and specialists conduct research or investigations to protect the environment or human health. Hydrologists study water and how it moves across and through the Earth’s crust. Natural sciences managers plan, supervise, or coordinate research and other activities in fields such as life sciences, physical sciences, mathematics, and statistics. Project management specialists coordinate the budget, schedule, staffing, and other details of a project."
112,Environmental Science and Protection Technician,50660.0,"Environmental science and protection technicians monitor the environment and investigate sources of pollution and contamination, including those affecting public health.  Inspect public spaces, businesses, facilities, and other areas to ensure that there are no environmental, health, or safety hazards  ","Environmental science and protection technicians typically need an associate’s degree, although some positions may require a bachelor’s degree.   Analytical skills. ","Environmental science and protection technicians typically work in offices, laboratories, and the field. Most environmental science and protection technicians work full time, and some work more than 40 hours per week.","environmental science and protection technicians.    Agricultural and food science technicians help scientists with testing and research related to plants, animals, fibers, and food and beverage products. Biological technicians assist biological and medical scientists with tasks such as laboratory setup, data collection, and observation. Chemical technicians conduct laboratory tests to help scientists analyze the properties of materials. Environmental engineering technologists and technicians implement the plans that environmental engineers develop. Environmental scientists and specialists conduct research or investigations to protect the environment or human health. Forensic science technicians aid criminal investigations by collecting and analyzing evidence. Geoscientists study the physical aspects of the Earth. Hydrologists study water and how it moves across and through the Earth’s crust. Clinical laboratory technologists and technicians perform medical laboratory tests for the diagnosis, treatment, and prevention of disease. Occupational health and safety specialists and technicians collect data on, analyze, and design improvements to work environments and procedures."
113,Environmental Scientist or Specialist,78980.0,"Environmental scientists and specialists conduct research or investigations to protect the environment or human health. They may collect, study, and report on data of air, food, water and other sources and then recommend action.  Determine data collection methods for research, investigations, and surveys Climate change analysts ","To enter the occupation, environmental scientists and specialists typically need a bachelor’s degree in a natural science.   Analytical skills. ",Environmental scientists and specialists typically work in office settings and laboratories but may spend time in the field. Most environmental scientists and specialists work full time.,"environmental scientists and specialists.    Biochemists and biophysicists study the chemical and physical principles of living things and of biological processes. Chemists and materials scientists research and analyze the chemical properties of substances to develop new materials, products, or knowledge. Conservation scientists and foresters manage the land quality of forests, parks, rangelands, and other natural resources. Environmental engineers use engineering disciplines in developing solutions to problems of planetary health. Environmental science and protection technicians monitor the environment and investigate sources of pollution and contamination, including those affecting public health. Geoscientists study the physical aspects of the Earth. Hydrologists study water and how it moves across and through the Earth’s crust. Microbiologists study microorganisms such as bacteria, algae, and fungi. Occupational health and safety specialists and technicians collect data on, analyze, and design improvements to work environments and procedures. Zoologists and wildlife biologists study animals, those both in captivity and in the wild, and how they interact with their ecosystems."
114,Epidemiologist,81390.0,"Epidemiologists are public health workers who investigate patterns and causes of disease and injury. They seek to reduce the risk and occurrence of negative health outcomes through research, community education and health policy.  Plan and direct studies of public health problems to find ways to prevent them or to treat them if they arise  ","Epidemiologists typically need at least a master’s degree to enter the occupation. They may have a master’s degree in public health (MPH) or a related field, and some have completed a doctoral degree in epidemiology or medicine.   Communication skills. ","Epidemiologists work in offices and laboratories, usually at health departments for state and local governments, in hospitals, and at colleges and universities.","epidemiologists.    Anthropologists and archeologists study the origin, development, and behavior of humans. Environmental scientists and specialists conduct research or investigations to protect the environment or human health. Health education specialists develop programs to teach people about conditions affecting well-being. Medical scientists conduct research aimed at improving overall human health. Microbiologists study microorganisms such as bacteria, algae, and fungi. Physicians and surgeons diagnose and treat injuries or illnesses and address health maintenance. Political scientists study the origin, development, and operation of political systems. Registered nurses (RNs) provide and coordinate patient care and educate patients and the public about various health conditions. Survey researchers design and conduct surveys and analyze data. Mathematicians and statisticians analyze data and apply computational techniques to solve problems."
115,Exercise Physiologist,54860.0,"Exercise physiologists develop physical activity programs to help people improve components of their fitness, such as cardiovascular function, muscular strength, or flexibility.  Analyze a client’s medical history to assess their risk during exercise and to determine the best exercise and fitness regimen for the client Applied exercise physiologists ",Exercise physiologists typically need at least a bachelor’s degree to enter the occupation.   Compassion. ,"Most exercise physiologists are self-employed or work for hospitals. Exercise physiologists usually work full time, but part-time work may be common.","exercise physiologists.    Athletic trainers specialize in preventing, diagnosing, and treating muscle and bone injuries and illnesses. Chiropractors assess, treat, and care for patients by manipulating the spine and musculoskeletal system. Fitness trainers and instructors lead, instruct, and motivate individuals or groups in exercise activities. Health education specialists develop programs to teach people about conditions affecting well-being. Occupational therapists evaluate and treat people who have injuries, illnesses, or disabilities to help them with vocational, daily living, and other skills that promote independence. Physical therapists help injured or ill people improve movement and manage pain. Recreational therapists plan, direct, and coordinate recreation-based medical treatment programs for people with disabilities, injuries, or illnesses. Respiratory therapists care for patients who have trouble breathing—for example, because of a chronic condition such as asthma."
116,"Farmer, Rancher, or Other Agricultural Manager",83770.0,"Farmers, ranchers, and other agricultural managers run establishments that produce crops, livestock, and dairy products.  Supervise all steps of crop production or ranging, including planting, fertilizing, harvesting, and herding Farmers and ranchers ","Farmers, ranchers, and other agricultural managers typically need at least a high school diploma and work experience in a related occupation.   Analytical skills. ","Farmers, ranchers, and other agricultural managers typically work outdoors but also may spend time in an office. Their work is often physically demanding.","farmers, ranchers, and other agricultural managers.    Animal care and service workers attend to or train animals. Agricultural engineers solve problems concerning power supplies, machine efficiency, the use of structures and facilities, pollution and environmental issues, and the storage and processing of agricultural products. Agricultural and food science technicians help scientists with testing and research related to plants, animals, fibers, and food and beverage products. Agricultural and food scientists research ways to improve the efficiency and safety of agricultural establishments and products. Agricultural workers maintain crops and tend livestock. Construction equipment operators drive, maneuver, or control the heavy machinery used to construct roads, buildings, and other structures. Grounds maintenance workers install and maintain landscapes, prune trees or shrubs, and do other tasks to ensure that vegetation is attractive, orderly, and safe. Buyers and purchasing agents buy products and services for organizations. Purchasing managers oversee the work of buyers and purchasing agents."
117,Fashion Designer,79290.0,"Fashion designers create original clothing, accessories, and footwear. They sketch designs, select fabrics and patterns, and give instructions on how to make the products they design.  Study fashion trends and anticipate designs that will appeal to consumers Accessory designers ","Fashion designers typically need a bachelor’s degree to enter the occupation. Employers may prefer to hire creative candidates who have technical knowledge of the production processes for clothing, accessories, or footwear.   Artistic ability. ","Fashion designers work in wholesale or manufacturing establishments, apparel companies, retailers, theater or dance companies, and design firms. Most fashion designers work in New York and California.","fashion designers.    Art directors are responsible for the visual style and images in magazines, newspapers, product packaging, and movie and television productions. Floral designers arrange live, dried, and silk flowers and greenery to make decorative displays. Graphic designers create visual concepts, using computer software or by hand, to communicate ideas that inspire, inform, and captivate consumers. Industrial designers combine art, business, and engineering to develop the concepts for manufactured products. Jewelers and precious stone and metal workers design, construct, adjust, repair, appraise and sell jewelry and related products. Models pose for artists, photographers, and other clients to help advertise products. Buyers and purchasing agents buy products and services for organizations. Purchasing managers oversee the work of buyers and purchasing agents."
118,Film and Video Editor or Camera Operator,65070.0,"Film and video editors and camera operators manipulate images that entertain or inform an audience. Camera operators capture a wide range of material for television, movies, and other media. Editors arrange footage shot by camera operators and collaborate with producers and directors to create the final content.  Shoot and record television programs, films, music videos, documentaries, or news and sporting events Cinematographers ",Film and video editors and camera operators typically need a bachelor’s degree in a field related to film or broadcasting.   Communication skills. ,Film and video editors and camera operators typically work in studios or in offices. Camera operators and videographers often shoot raw footage on location.,"film and video editors and camera operators.    Broadcast, sound, and video technicians set up, operate, and maintain the electrical equipment for media programs. Editors plan, review, and revise content for publication. Special effects artists and animators create images that appear to move and visual effects for various forms of media and entertainment. Photographers use their technical expertise, creativity, and composition skills to produce and preserve images. Producers and directors make business and creative decisions about film, television, stage, and other productions. News analysts, reporters, and journalists keep the public updated about current events and noteworthy information."
119,Financial Analyst,99890.0,"Financial analysts guide businesses and individuals in decisions about expending money to attain profit. They assess the performance of stocks, bonds, and other types of investments.  Recommend individual investments and collections of investments, known as portfolios Financial risk specialists ",Financial analysts typically need a bachelor’s degree to enter the occupation.   Analytical skills. ,"Financial analysts work in offices. Most work full time, and some work more than 40 hours per week.","financial analysts.    Budget analysts help public and private organizations plan their finances. Data scientists use analytical tools and techniques to extract meaningful insights from data. Financial managers create financial reports, direct investment activities, and develop plans for the long-term financial goals of their organization. Insurance underwriters evaluate insurance applications and decide whether to approve them. Personal financial advisors provide advice to help individuals manage their money and plan for their financial future. Securities, commodities, and financial services sales agents connect buyers and sellers in financial markets."
120,Financial Clerk,47070.0,"Financial clerks do administrative work for many types of organizations. They keep records, help customers, and carry out transactions that involve money.  Keep and update financial records Billing and posting clerks ",A high school diploma or equivalent is typically required for most financial clerk jobs. These workers typically learn their duties through on-the-job training.   Communication skills. ,"Financial clerks usually work in offices, including bank branches, medical practices, and government agencies. Most work full time.","financial clerks.    Bill and account collectors try to recover payment on overdue bills. Bookkeeping, accounting, and auditing clerks compute, classify, and record data to help organizations keep complete and accurate financial records. Gambling services workers serve customers in gambling establishments, such as casinos or racetracks. Information clerks perform routine clerical duties, maintain records, collect data, and provide information to customers. Tellers process routine transactions, such as cashing checks and depositing money, at a bank or credit union. Secretaries and administrative assistants do routine clerical and organizational tasks. Medical records specialists compile, process, and maintain patient files."
121,Financial Examiner,84300.0,"Financial examiners ensure compliance with laws that govern institutions handling monetary transactions. They review balance sheets, evaluate the risk level of loans, and assess bank management.  Monitor the condition of banks and other financial institutions  ",Financial examiners typically need a bachelor’s degree that includes some coursework in accounting. Entry-level examiners are trained on the job by senior examiners.   Analytical skills. ,"Most financial examiners work for the finance and insurance industry, the federal government, or state governments. Most financial examiners work full time.","financial examiners.    Accountants and auditors prepare and examine financial records. Budget analysts help public and private organizations plan their finances. Financial analysts guide businesses and individuals in decisions about expending money to attain profit. Loan officers evaluate, authorize, or recommend approval of loan applications. Tax examiners and collectors, and revenue agents determine how much is owed in taxes and collect tax from individuals and businesses on behalf of the government. Management analysts recommend ways to improve an organization’s efficiency. Personal financial advisors provide advice to help individuals manage their money and plan for their financial future. Private detectives and investigators gather, analyze, and report information to clients regarding legal or personal matters."
122,Financial Manager,156100.0,"Financial managers are responsible for the financial health of an organization. They create financial reports, direct investment activities, and develop plans for the long-term financial goals of their organization.  Prepare financial statements, business activity reports, and forecasts Controllers ","Financial managers typically need a bachelor’s degree and 5 years or more of experience in another business or financial occupation, such as an accountant, securities sales agent, or financial analyst.   Analytical skills. ","Financial managers work in many industries, including banks, investment firms, and insurance companies. Most financial managers work full time, and some work more than 40 hours per week.","financial managers.    Accountants and auditors prepare and examine financial records. Budget analysts help public and private organizations plan their finances. Financial analysts guide businesses and individuals in decisions about expending money to attain profit. Insurance sales agents contact potential customers and sell one or more types of insurance. Insurance underwriters evaluate insurance applications and decide whether to approve them. Loan officers evaluate, authorize, or recommend approval of loan applications. Personal financial advisors provide advice to help individuals manage their money and plan for their financial future."
123,Firefighter,57120.0,"Firefighters control and put out fires and respond to emergencies involving life, property, or the environment.  Respond to emergencies Wildland firefighters ","Firefighters typically need a high school diploma and training in emergency medical services. Prospective firefighters must pass written and physical tests, complete interviews, and train at a fire academy. Additionally, fire departments may require firefighters to have other credentials, such as emergency medical technician (EMT) certification. Firefighters must complete continuing education to obtain or maintain these credentials.   .  ","On the scene of a fire or other emergency, firefighters’ work may be dangerous. On call at fire stations, firefighters sleep, eat, and perform other duties during shifts that often last 24 hours. Most paid firefighters work full time.","firefighters.    Emergency medical technicians (EMTs) and paramedics assess injuries and illnesses, provide emergency medical care, and may transport patients to medical facilities. Fire inspectors detect fire hazards, recommend prevention measures, ensure compliance with state and local fire regulations, and investigate causes of fires. Forest and conservation workers perform physical labor to improve the quality of natural areas such as forests, rangelands, and wetlands. Hazardous materials removal workers identify and dispose of harmful substances such as asbestos, lead, and radioactive waste. Police officers protect lives and property. Detectives and criminal investigators gather facts and collect evidence of possible crimes."
124,Fire Inspector,71420.0,"Fire inspectors detect fire hazards, recommend prevention measures, ensure compliance with state and local fire codes, and investigate causes of fires.  Search buildings for fire hazards  ","To enter the occupation, fire inspectors typically need at least a high school diploma or the equivalent and work experience as a firefighter or in a related occupation. Once hired, they typically receive on-the-job-training in inspection and investigation.   Communication skills. ","Fire inspectors work in office settings and onsite, including outdoors. Most work full time, and some work more than 40 hours per week. Their schedules may include evenings, weekends, and holidays because they must be ready to respond when fires occur.","fire inspectors.    Construction and building inspectors ensure that construction meets building codes and ordinances, zoning regulations, and contract specifications. Firefighters control and put out fires and respond to emergencies involving life, property, or the environment. Forensic science technicians aid criminal investigations by collecting and analyzing evidence. Police officers protect lives and property. Detectives and criminal investigators gather facts and collect evidence of possible crimes. Private detectives and investigators gather, analyze, and report information to clients regarding legal or personal matters."
125,Fishing or Hunting Worker,,"Fishing and hunting workers catch and trap various types of animal life. The fish and wild animals they catch are for human food, animal feed, bait, and other uses.  Locate fish with the use of fish-finding equipment Fishing boat captains ",Fishing and hunting workers usually learn on the job. A formal educational credential is not required.   Critical-thinking skills. ,"The work environment for fishing and hunting operations varies with the region, body of water or land, and kinds of animals sought. Fishing and hunting workers often work under hazardous conditions that can lead to injuries or fatalities.","fishing and hunting workers.    Water transportation workers operate and maintain vessels that take cargo and people over water. Farmers, ranchers, and other agricultural managers run establishments that produce crops, livestock, and dairy products."
126,Fitness Trainer or Instructor,46480.0,"Fitness trainers and instructors lead, instruct, and motivate individuals or groups in exercise activities, including cardiovascular workouts (for the heart and blood circulation), strength training, and stretching. They work with people of all ages and skill levels.  Demonstrate or explain how to perform various exercises and routines to minimize injuries and improve fitness Fitness trainers and instructors ","The education and training required for fitness trainers and instructors varies by specialty. Employers usually prefer to hire those with certification, but requirements vary by facility.   Communication skills.  ","Fitness trainers and instructors work in facilities such as recreation centers, health clubs, and yoga studios. Many work variable or part-time schedules that may include nights, weekends, or holidays.","fitness trainers and instructors.    Physical therapist assistants and aides are supervised by physical therapists to help patients regain movement and manage pain after injuries and illnesses. Physical therapists help injured or ill people improve movement and manage pain. Recreation workers organize, conduct, and promote a variety of group activities for leisure and other purposes. Recreational therapists plan, direct, and coordinate recreation-based medical treatment programs for people with disabilities, injuries, or illnesses."
127,Flight Attendant,68370.0,Flight attendants provide routine services and respond to emergencies to ensure the safety and comfort of airline passengers.  Participate in preflight briefings with pilots to discuss cabin conditions and flight details  ,Flight attendants receive training from their employer and must be certified by the Federal Aviation Administration (FAA). Flight attendants typically need a high school diploma or the equivalent and work experience in customer service.   Attentiveness. ,"Flight attendants have variable work schedules, including evenings, weekends, and holidays, because airlines operate every day, and some offer overnight flights. Attendants work in an aircraft and may be away from home several nights per week.","flight attendants.    Bartenders mix drinks and serve them directly to customers or through wait staff. Customer service representatives interact with customers to handle complaints, process orders, and answer questions. Emergency medical technicians (EMTs) and paramedics assess injuries and illnesses, provide emergency medical care, and may transport patients to medical facilities. Food and beverage serving and related workers take and prepare orders, clear tables, and do other tasks associated with providing food and drink to customers. Retail sales workers sell merchandise, spare and replacement parts, and equipment to customers. Waiters and waitresses take orders and serve food and beverages to customers in dining establishments."
128,Flooring Installer or Tile and Stone Setter,48690.0,"Flooring installers and tile and stone setters lay and finish carpet, wood, vinyl, and other materials, such as ceramic, glass, marble, and granite.  Remove existing materials from floors, walls, or other surfaces Carpet installers ","Flooring installers and tile and stone setters typically need no formal educational credential. They learn their trade on the job, sometimes starting as a helper. Some learn through an apprenticeship.   Color vision. ","Installing flooring, tile, and stone is physically demanding, with workers spending much of their time reaching, bending, and kneeling. Most work full time, although schedules may vary.","flooring installers and tile and stone setters.    Carpenters construct, repair, and install building frameworks and structures made from wood and other materials. Masonry workers use bricks, concrete and concrete blocks, and natural and manmade stones to build structures. Painters apply paint, stain, and coatings to walls and ceilings, buildings, large machinery and equipment, and bridges and other structures. Electricians install, maintain, and repair electrical power, communications, lighting, and control systems. Glaziers install glass in windows, skylights, and other fixtures in buildings. Grounds maintenance workers install and maintain landscapes, prune trees or shrubs, and do other tasks to ensure that vegetation is attractive, orderly, and safe. Hazardous materials removal workers identify and dispose of harmful substances such as asbestos, lead, and radioactive waste. Material moving machine operators use equipment to transport objects. Plumbers, pipefitters, and steamfitters install and repair piping fixtures and systems. Construction laborers and helpers perform tasks, such as using, supplying, or holding materials or tools and cleaning work areas and equipment, on construction sites."
129,Floral Designer,34690.0,"Floral designers, also called florists, arrange live, dried, and silk flowers and greenery to make decorative displays. They also help customers select flowers and containers, ribbons, and other accessories.  Buy flowers and other products from wholesalers and suppliers to ensure that an adequate supply meets customers’ needs  ",Most floral designers have a high school diploma or the equivalent and learn their skills on the job in a few months.   Artistic ability ,"Most floral designers work in retail businesses, usually flower shops and grocery stores.","floral designers.    Craft and fine artists use a variety of materials and techniques to create art for sale and exhibition. Fashion designers create clothing, accessories, and footwear. Graphic designers create visual concepts, using computer software or by hand, to communicate ideas that inspire, inform, and captivate consumers. Interior designers make indoor spaces functional, safe, and beautiful by determining space requirements and selecting essential and decorative items. Meeting, convention, and event planners arrange all aspects of events and professional gatherings."
130,Food and Beverage Serving or Related Worker,29710.0,"Food and beverage serving and related workers take and prepare orders, clear tables, and do other tasks associated with providing food and drink to customers.  Greet customers and answer their questions about menu items and specials Dining room and cafeteria attendants and bartender helpers— ",Food and beverage serving and related workers typically have no requirements for education to enter the occupation. They receive short-term on-the-job training.   Communication skills. ,"Food and beverage serving and related workers are employed in restaurants, schools, and other dining places. Work shifts often include early mornings, late evenings, weekends, and holidays. Part-time work is common.","food and beverage serving and related workers.    Bartenders mix drinks and serve them directly to customers or through wait staff. Cashiers process payments and disburse money in retail settings. Cooks season and prepare foods, including soups, salads, entrees, and desserts. Flight attendants provide routine services and respond to emergencies to ensure the safety and comfort of airline passengers. Food preparation workers perform a variety of tasks other than cooking, such as slicing meat and brewing coffee. Retail sales workers sell merchandise, spare and replacement parts, and equipment to customers. Waiters and waitresses take orders and serve food and beverages to customers in dining establishments."
131,Food Preparation Worker,32420.0,"Food preparation workers perform a variety of tasks other than cooking. Their duties include preparing cold foods, slicing meat, peeling and cutting vegetables, brewing coffee or tea, and doing many other food service tasks.  Clean and sanitize work areas, equipment, utensils, and dishes  ",Food preparation workers typically do not need a formal educational credential or previous work experience to enter the occupation. They learn their job tasks through on-the-job training.   Dexterity. ,"Food preparation workers are employed in places where food is made or served, such as cafeterias, grocery stores, hospitals, and schools. Part-time work is common. Work schedules may vary to include early mornings, late evenings, weekends, or holidays.","food preparation workers.    Bakers mix ingredients according to recipes in order to make breads, pastries, and other baked goods. Butchers cut, trim, and package meat for retail sale. Chefs and head cooks oversee the daily food preparation at restaurants and other places where food is served. Cooks season and prepare foods, including soups, salads, entrees, and desserts. Food and beverage serving and related workers take and prepare orders, clear tables, and do other tasks associated with providing food and drink to customers. Bartenders mix drinks and serve them directly to customers or through wait staff."
132,Food Processing Equipment Worker,38130.0,"Food processing equipment workers operate machinery that mixes, cooks, or processes ingredients for manufacturing food products.  Set up, start, or load food processing equipment Food and tobacco roasting, baking, and drying machine operators and tenders ","Education requirements vary for food processing equipment workers. Some typically need no formal education credential; however, others typically need a high school diploma or equivalent. Food processing equipment workers usually learn their skills through on-the-job training.   Detail oriented. ","Most food processing equipment workers are employed in manufacturing facilities. Because of production schedules, shift work is common and may include early mornings, evenings, or nights. Most food processing equipment workers are employed full time.","food processing equipment workers.    Agricultural and food science technicians help scientists with testing and research related to plants, animals, fibers, and food and beverage products. Bakers mix ingredients according to recipes in order to make breads, pastries, and other baked goods. Butchers cut, trim, and package meat for retail sale. Cooks season and prepare foods, including soups, salads, entrees, and desserts. Food preparation workers perform a variety of tasks other than cooking, such as slicing meat and brewing coffee. Metal and plastic machine workers set up and operate equipment that cuts, shapes, and forms metal and plastic materials or pieces."
133,Food Service Manager,63060.0,"Food service managers are responsible for the daily operation of restaurants or other establishments that prepare and serve food and beverages. They direct staff to ensure that customers are satisfied with their dining experience, and they manage the business to ensure that it runs efficiently.  Hire, train, discipline, and sometimes fire employees  ","Food service managers typically need a high school diploma and several years of experience in the food service industry working as a cook, waiter or waitress, or supervisor of food preparation and serving workers. Some receive additional training at a community college, technical or vocational school, culinary school, or 4-year college.   Business skills. ","Food service managers work in restaurants, hotels, school cafeterias, and other establishments where food is prepared and served. They often work evenings, weekends, and holidays. The work is often hectic, and dealing with dissatisfied customers may be stressful.","food service managers.    Bartenders mix drinks and serve them directly to customers or through wait staff. Chefs and head cooks oversee the daily food preparation at restaurants and other places where food is served. Lodging managers ensure that guests have a pleasant experience at an accommodations facility. They also plan, direct, or coordinate activities to ensure that the facility is efficient and profitable. Sales managers plan, direct, or coordinate the delivery of a product or service to the customer. Waiters and waitresses take orders and serve food and beverages to customers in dining establishments."
134,Forensic Science Technician,64940.0,Forensic science technicians aid criminal investigations by collecting and analyzing evidence. Technicians often specialize in either crime scene or laboratory analysis.  Analyze crime scenes to determine what evidence should be collected and how crime scene technicians ,Forensic science technicians typically need a bachelor’s degree to enter the occupation. They may need on-the-job training to attain competency.   Analytical skills. ,Most laboratory forensic science technicians work during standard business hours. Some work extended or nonstandard hours and travel to crime scenes within their jurisdiction.,"forensic science technicians.    Biological technicians assist biological and medical scientists with tasks such as laboratory setup, data collection, and observation. Chemical technicians conduct laboratory tests to help scientists analyze the properties of materials. Chemists and materials scientists research and analyze the chemical properties of substances to develop new materials, products, or knowledge. Environmental science and protection technicians monitor the environment and investigate sources of pollution and contamination, including those affecting public health. Fire inspectors detect fire hazards, recommend prevention measures, ensure compliance with state and local fire regulations, and investigate causes of fires. Hazardous materials removal workers identify and dispose of harmful substances such as asbestos, lead, and radioactive waste. Clinical laboratory technologists and technicians perform medical laboratory tests for the diagnosis, treatment, and prevention of disease. Police officers protect lives and property. Detectives and criminal investigators gather facts and collect evidence of possible crimes. Private detectives and investigators gather, analyze, and report information to clients regarding legal or personal matters."
135,Forest and Conservation Worker,33940.0,"Forest and conservation workers improve the quality of forests, rangelands, and wetlands. Under the supervision of conservation scientists and foresters, they develop, maintain, and protect forests.  Plant seedlings to reforest land  ",Forest and conservation workers typically need a high school diploma to enter the occupation and receive on-the-job training to attain competency.   Communication skills. ,"Forest and conservation workers often work outdoors, sometimes in remote locations and in all types of weather. Most forest and conservation workers are employed full time, although part-time or seasonal work is common.","forest and conservation workers.    Conservation scientists and foresters manage the land quality of forests, parks, rangelands, and other natural resources. Fire inspectors detect fire hazards, recommend prevention measures, ensure compliance with state and local fire regulations, and investigate causes of fires. Firefighters control and put out fires and respond to emergencies involving life, property, or the environment. Logging workers harvest forests to provide the raw material for many consumer goods and industrial products. Cartographers and photogrammetrists collect, analyze, and interpret geographic information to create and update maps and related products."
136,Fundraiser,64160.0,"Fundraisers organize activities to raise money and other kinds of donations for an organization. They also may design promotional materials and increase awareness of an organization’s work, goals, and financial needs.  Research prospective donors Annual  ","Fundraisers typically need a bachelor’s degree and strong communication and organizational skills. Employers may prefer to hire candidates who have related experience, such as from working with a nonprofit organization in an internship or as a volunteer.   Communication skills. ","Fundraisers work primarily for nonprofit organizations. They spend time in an office setting, although they also may travel to meet with prospective donors or to attend events. Most fundraisers work full time.","fundraisers.    Advertising, promotions, and marketing managers plan programs to generate interest in products or services. Market research analysts study consumer preferences, business conditions, and other factors to assess potential sales of a product or service. Meeting, convention, and event planners arrange all aspects of events and professional gatherings. Public relations managers direct the creation of materials that will enhance the public image of their employer or client. Fundraising managers coordinate campaigns that bring in donations for their organization. Public relations specialists create and maintain a positive public image for the clients they represent. Social and community service managers coordinate and supervise programs and organizations that support public well-being."
137,Funeral Service Worker,60580.0,Funeral service workers organize and manage the details of a ceremony honoring a deceased person.  Offer counsel and comfort to families and friends of the deceased Funeral home managers ,"An associate’s degree in a funeral service or mortuary science education program is the education typically required to become a funeral service worker. Most employers require applicants to be 21 years old, have at least 2 years of formal postsecondary education, have supervised training, and pass a state licensing exam.  Be 21 years old Business skills ","Funeral service workers are employed in funeral homes and crematories. They are often on call; irregular hours, including evenings and weekends, are common. Most work full time, and some work more than 40 hours per week.","funeral service workers.    Administrative services and facilities managers plan, direct, and coordinate activities that help an organization run efficiently. Advertising, promotions, and marketing managers plan programs to generate interest in products or services. Human resources managers plan, coordinate, and direct the administrative functions of an organization. Physicians and surgeons diagnose and treat injuries or illnesses and address health maintenance. Psychologists study cognitive, emotional, and social processes and behavior by observing, interpreting, and recording how people relate to one another and to their environments. Social workers help people prevent and cope with problems in their everyday lives."
138,Gambling Services Worker,34380.0,"Gambling services workers serve customers in gambling establishments, such as casinos or racetracks. Some workers tend slot machines or deal cards. Others take bets or pay out winnings. Still others supervise or manage gambling workers and operations.  Interact with customers and make sure that they have a pleasant experience First-line supervisors of gambling services workers ",Gambling jobs typically require a high school diploma or equivalent to enter. Some employers require gambling managers to have a college degree.   Communication skills. ,"Most gambling services workers are employed in gambling industries. Because most of these establishments are open 24 hours a day, 7 days a week, employees often work nights, weekends, and holidays. Most work full time, although part-time work is common.","gambling services workers.    Customer service representatives interact with customers to handle complaints, process orders, and answer questions. Lodging managers ensure that guests have a pleasant experience at an accommodations facility. They also plan, direct, or coordinate activities to ensure that the facility is efficient and profitable. Public relations managers direct the creation of materials that will enhance the public image of their employer or client. Fundraising managers coordinate campaigns that bring in donations for their organization. Public relations specialists create and maintain a positive public image for the clients they represent. Retail sales workers sell merchandise, spare and replacement parts, and equipment to customers. Sales managers plan, direct, or coordinate the delivery of a product or service to the customer. Security guards and gambling surveillance officers protect property from illegal activity. Financial clerks do administrative work, help customers, and carry out transactions that involve money."
139,General Maintenance and Repair Worker,46700.0,"General maintenance and repair workers fix and maintain machines, mechanical equipment, and buildings. They paint, repair flooring, and work on plumbing, electrical, and air-conditioning and heating systems.  Maintain and repair machines, mechanical equipment, and buildings  ",Jobs in this field typically do not require any formal education beyond high school. General maintenance and repair workers often learn their skills on the job. They start by doing simple tasks and watching and learning from skilled maintenance workers.   Customer-service skills. ,"General maintenance and repair workers often carry out many different tasks in a single day. They could work at any number of indoor or outdoor locations. They may work inside a single building, such as a hotel or hospital, or be responsible for the maintenance of many buildings, such as those in an apartment complex or on a college campus.","general maintenance and repair workers.    Boilermakers assemble, install, maintain, and repair boilers, closed vats, and other large vessels or containers that hold liquids and gases. Carpenters construct, repair, and install building frameworks and structures made from wood and other materials. Construction managers plan, coordinate, budget, and supervise construction projects from start to finish. Electrical and electronics installers and repairers install or repair a variety of electrical equipment. Electricians install, maintain, and repair electrical power, communications, lighting, and control systems. Heating, air conditioning, and refrigeration mechanics and installers work on heating, ventilation, cooling, and refrigeration systems. Plumbers, pipefitters, and steamfitters install and repair piping fixtures and systems."
140,General Office Clerk,40480.0,"General office clerks perform a variety of clerical tasks, including answering telephones, typing documents, and filing records.  Answer and transfer telephone calls or take messages  ",General office clerks typically need a high school diploma or equivalent to enter the occupation and learn their skills on the job.   Customer-service skills. ,"Although general office clerks are employed in nearly every industry, many work in schools, healthcare facilities, and government offices.","general office clerks.    Bookkeeping, accounting, and auditing clerks compute, classify, and record data to help organizations keep complete and accurate financial records. Customer service representatives interact with customers to handle complaints, process orders, and answer questions. Information clerks perform routine clerical duties, maintain records, collect data, and provide information to customers. Material recording clerks track product information in order to keep businesses and supply chains on schedule. Receptionists do tasks such as answering phones, receiving visitors, and providing information about their organization to the public. Secretaries and administrative assistants do routine clerical and organizational tasks."
141,Genetic Counselor,95770.0,"Genetic counselors assess clients’ risk for a variety of inherited conditions, such as birth defects. They review genetic test results with individuals and families and support them in making decisions based on those results. They also offer information to other healthcare providers.  Collect comprehensive family and medical histories through means such as interviews, discussions with physicians, and reviewing medical records  ","Genetic counselors typically need a master’s degree in genetic counseling. Nearly all states require genetic counselors to be licensed, and licensure usually requires board certification.   Communication skills. ","Genetic counselors work primarily in hospitals, physicians’ offices, outpatient care centers, university medical centers, and diagnostic laboratories. Most work full time.","genetic counselors.    Epidemiologists are public health workers who investigate patterns and causes of disease and injury. Health education specialists develop programs to teach people about conditions affecting well-being. Medical scientists conduct research aimed at improving overall human health. Marriage and family therapists diagnose and treat cognitive, behavioral, or similar disorders in the context of couples and other relationships. Physicians and surgeons diagnose and treat injuries or illnesses and address health maintenance."
142,Geographer,90880.0,"Geographers study the Earth and the distribution of its land, features, and inhabitants. They research the interactions between the physical aspects of a region and the human activities within it.  Gather geographic data through field observations, maps, photographs, satellite imagery, and censuses Physical geographers ",Geographers typically need at least a bachelor’s degree to enter the occupation. Some jobs require a master’s or doctoral degree.   Analytical skills. ,Most geographers work full time. Geographers who do fieldwork may travel to foreign countries or remote locations.,"geographers.    Anthropologists and archeologists study the origin, development, and behavior of humans. Cartographers and photogrammetrists collect, analyze, and interpret geographic information to create and update maps and related products. Economists conduct research, prepare reports, and evaluate issues related to monetary and fiscal policy. They also may collect and analyze statistical data. Geoscientists study the physical aspects of the Earth. Market research analysts study consumer preferences, business conditions, and other factors to assess potential sales of a product or service. Political scientists study the origin, development, and operation of political systems. Postsecondary teachers instruct students in a variety of academic subjects beyond the high school level. Surveying and mapping technicians collect data and make maps of the Earth's surface. Surveyors make precise measurements to determine property boundaries. Urban and regional planners develop comprehensive plans and programs for use of land and physical facilities in cities, counties, metropolitan areas, and other jurisdictions."
143,Geological or Hydrologic Technician,53440.0,"Geological and hydrologic technicians support scientists and engineers in exploring, extracting, and monitoring natural resources, such as soil, natural gas, and water.  Install and maintain laboratory and field equipment  ",Geological and hydrologic technicians typically need at least an associate’s degree in applied science or science-related technology to enter the occupation. Some employers require a bachelor’s degree. Geological and hydrologic technicians also receive on-the-job training.   Analytical skills. ,"Geological and hydrologic technicians work in offices, laboratories, and the field. Most geological and hydrologic technicians work full time.","geological and hydrologic technicians.    Cartographers and photogrammetrists collect, analyze, and interpret geographic information to create and update maps and related products. Civil engineering technologists and technicians help civil engineers plan, design, and build infrastructure and development projects. Civil engineers plan, design, and supervise the construction and maintenance of building and infrastructure projects. Geoscientists study the physical aspects of the Earth. Hydrologists study water and how it moves across and through the Earth’s crust. Petroleum engineers devise methods to improve oil and gas extraction and production. Surveying and mapping technicians collect data and make maps of the Earth's surface."
144,Geoscientist,92580.0,"Geoscientists study the physical aspects of the Earth, such as its composition, structure, and processes, to learn about its past and present and to predict future events.  Plan and carry out field studies, in which they visit locations to collect samples and conduct surveys Environmental  ","Geoscientists typically need a bachelor’s degree to enter the occupation. For some positions, employers prefer to hire candidates who have a master’s or doctoral degree. Most geoscientists need a state-issued license.   Communication skills. ","Geoscientists usually split their time between work in an office setting, in laboratories, and outdoors. Most geoscientists work full time, and some work more than 40 hours per week. Schedules vary to include irregular hours when doing fieldwork.","geoscientists.    Anthropologists and archeologists study the origin, development, and behavior of humans. Atmospheric scientists study, report on, and forecast the weather and climate. Environmental engineers use engineering disciplines in developing solutions to problems of planetary health. Environmental scientists and specialists conduct research or investigations to protect the environment or human health. Geological and hydrologic technicians support scientists and engineers in exploring, extracting, and monitoring natural resources. Hydrologists study water and how it moves across and through the Earth’s crust. Mining and geological engineers design mines to safely and efficiently remove minerals for use in manufacturing and utilities. Natural sciences managers plan, supervise, or coordinate research and other activities in fields such as life sciences, physical sciences, mathematics, and statistics. Physicists and astronomers study the interactions of matter and energy. Petroleum engineers devise methods to improve oil and gas extraction and production."
145,Glazier,51100.0,"Glaziers install glass in windows, skylights, and other fixtures in buildings.  Follow blueprints and specifications  ",Glaziers typically enter the occupation with a high school diploma and learn their trade through an apprenticeship or on-the-job training.   Ability to work at heights.  ,"As in many other construction trades, the work of glaziers is physically demanding. They may experience cuts from tools and glass, falls from ladders and scaffolding, and exposure to solvents. Most work full time.","glaziers.    Automotive body and glass repairers restore, refinish, and replace vehicle bodies and frames, windshields, and window glass. Carpenters construct, repair, and install building frameworks and structures made from wood and other materials. Construction laborers and helpers perform tasks, such as using, supplying, or holding materials or tools and cleaning work areas and equipment, on construction sites. Drywall and ceiling tile installers hang wallboard and install ceiling tile inside buildings. Tapers prepare the wallboard for painting. Masonry workers use bricks, concrete and concrete blocks, and natural and manmade stones to build structures. Sheet metal workers fabricate or install products that are made from thin metal sheets. Solar photovoltaic (PV) installers assemble, set up, and maintain rooftop or other systems that convert sunlight into energy. Flooring installers and tile and stone setters lay and finish carpet, wood, vinyl, tile, and other materials."
146,Graphic Designer,58910.0,"Graphic designers create visual concepts, using computer software or by hand, to communicate ideas that inspire, inform, and captivate consumers. They develop the overall layout and production design for applications such as advertisements, brochures, magazines, and reports.  Meet with clients or the art director to determine the scope of a project  ",Graphic designers usually need a bachelor’s degree in graphic design or a related field. Candidates for graphic design positions should have a portfolio that demonstrates their creativity and originality.   Analytical skills. ,"Many of these workers are employed in specialized design services, publishing, or advertising, public relations, and related services industries.","graphic designers.    Art directors are responsible for the visual style and images in magazines, newspapers, product packaging, and movie and television productions. Craft and fine artists use a variety of materials and techniques to create art for sale and exhibition. Desktop publishers use computer software to design page layouts for items that are printed or published online. Drafters use software to convert the designs of engineers and architects into technical drawings. Industrial designers combine art, business, and engineering to develop the concepts for manufactured products. Special effects artists and animators create images that appear to move and visual effects for various forms of media and entertainment. Technical writers prepare instruction manuals, how-to guides, journal articles, and other supporting documents to communicate complex and technical information more easily. Web developers create and maintain websites. Digital designers develop, create, and test website or interface layout, functions, and navigation for usability."
147,Grounds Maintenance Worker,37690.0,"Grounds maintenance workers install and maintain landscapes, prune trees or shrubs, and do other tasks to ensure that vegetation is attractive, orderly, and safe.  Mow, edge, and fertilize lawns Landscaping workers ",Grounds maintenance workers typically do not need a formal educational credential and are trained on the job. States may require licensing for workers who apply pesticides or fertilizers.   Ability to work at heights.  ,"Most grounds maintenance work is done outdoors in all weather conditions. Some work is seasonal, available mainly in the spring, summer, and fall. The work may be repetitive and physically demanding, requiring frequent bending, kneeling, lifting, or shoveling.","grounds maintenance workers.    Agricultural workers maintain crops and tend livestock. Farmers, ranchers, and other agricultural managers run establishments that produce crops, livestock, and dairy products. Forest and conservation workers perform physical labor to improve the quality of natural areas such as forests, rangelands, and wetlands. Janitors and building cleaners keep many types of buildings clean, sanitary, orderly, and in good condition. Landscape architects design parks and other outdoor spaces. Logging workers harvest forests to provide the raw material for many consumer goods and industrial products. Pest control workers remove insects, rodents, and other pests that infest buildings and surrounding areas."
148,Hand Laborer or Material Mover,36770.0,"Hand laborers and material movers manually move freight, stock, or other materials. Some of these workers feed or remove material to or from machines, clean vehicles, pick up unwanted household goods, and pack materials for moving.  Manually move material from one place to another Cleaners of vehicles and equipment ",There are usually no formal educational requirements to become a hand laborer or material mover. Employers typically require only that applicants be physically able to perform the work.   Customer-service skills. ,"Most hand laborers and material movers work full time. Because materials are shipped around the clock, some workers, especially those in warehousing, work overnight shifts.","hand laborers and material movers.    Construction laborers and helpers perform tasks, such as using, supplying, or holding materials or tools and cleaning work areas and equipment, on construction sites. Delivery truck drivers and driver/sales workers pick up, transport, and drop off packages and small shipments within a local region or urban area. Heavy and tractor-trailer truck drivers transport goods from one location to another. Material moving machine operators use equipment to transport objects. Material recording clerks track product information in order to keep businesses and supply chains on schedule. Water transportation workers operate and maintain vessels that take cargo and people over water."
149,Hazardous Materials Removal Worker,47280.0,"Hazardous materials (hazmat) removal workers identify and dispose of harmful substances, such as asbestos, lead, mold, and radioactive waste. They also neutralize and clean up materials that are flammable, corrosive, or toxic.  Follow safety procedures before, during, and after cleanup Asbestos abatement workers  ","Hazardous materials (hazmat) removal workers typically need a high school diploma and are trained on the job. They must complete training that follows federal, state, and local standards.  Be at least 18 years old Decision-making skills. ","Work environments for hazmat removal workers vary. Completing projects may require night and weekend work. Overtime is common for some workers, particularly for those who respond to emergencies or disasters.","hazardous materials removal workers.    Construction laborers and helpers perform tasks, such as using, supplying, or holding materials or tools and cleaning work areas and equipment, on construction sites. Firefighters control and put out fires and respond to emergencies involving life, property, or the environment. Insulation workers install and replace the materials used to insulate buildings or mechanical systems. Water and wastewater treatment plant and system operators manage a system of machines to transfer or treat water or wastewater."
150,Health and Safety Engineer,103690.0,"Health and safety engineers apply their knowledge of industrial processes, mechanics, psychology, and other disciplines to promote worksite or product safety.  Apply knowledge of current policies, regulations, and industrial processes related to health and safety fire prevention and protection engineers ",Health and safety engineers typically need a bachelor’s degree in engineering or a related field to enter the occupation. Completing internships or cooperative-education programs may be helpful for gaining hands-on experience while in school.   Communication skills. ,"Health and safety engineers typically work in an office setting, and most are full time. They also may need to travel to worksites.","health and safety engineers.    Construction and building inspectors ensure that construction meets building codes and ordinances, zoning regulations, and contract specifications. Fire inspectors detect fire hazards, recommend prevention measures, ensure compliance with state and local fire regulations, and investigate causes of fires. Industrial engineers design, develop, and test integrated systems for managing industrial production processes. Mining and geological engineers design mines to safely and efficiently remove minerals for use in manufacturing and utilities. Occupational health and safety specialists and technicians collect data on, analyze, and design improvements to work environments and procedures."
151,Health Education Specialist,62860.0,Health education specialists teach people about behaviors that promote wellness. They develop strategies to improve the well-being of individuals and communities.  Assess the health needs of individuals and communities healthcare facilities ,Health education specialists typically need at least bachelor’s degree. Some employers require or prefer that health education specialists be certified.   Analytical skills. ,"Health education specialists are employed in a variety of settings, including hospitals, nonprofit organizations, and government agencies. Most work full time.","health education specialists.    Community health workers promote wellness by helping people adopt healthy behaviors. They implement programs and advocate for people who may have limited access to health resources and social services. Dietitians and nutritionists plan and conduct food service or nutritional programs to help people lead healthy lives. Epidemiologists are public health workers who investigate patterns and causes of disease and injury. High school teachers teach academic lessons and various skills that students will need to attend college and to enter the job market. Middle school teachers educate students, typically in sixth through eighth grades. Postsecondary teachers instruct students in a variety of academic subjects beyond the high school level. School counselors help students develop academic and social skills. Career counselors and advisors help people choose a path to employment. Social and human service assistants provide client services in a variety of fields, such as psychology, rehabilitation, and social work. Social workers help people prevent and cope with problems in their everyday lives. Substance abuse, behavioral disorder, and mental health counselors advise people on a range of issues, such as those relating to alcoholism, addictions, or depression. Marriage and family therapists diagnose and treat cognitive, behavioral, or similar disorders in the context of couples and other relationships."
152,Health Information Technologist or Medical Registrar,62990.0,Health information technologists and medical registrars advise organizations on computerized healthcare systems and analyze clinical data.  Help to determine requirements for computerized healthcare systems Health information technologists ,Education requirements for health information technologists and medical registrars vary. Some workers typically need an associate’s degree; others may need a bachelor’s or higher degree. Certification may be required or preferred.   Analytical skills. ,Health information technologists and medical registrars usually work in an office setting and may spend many hours at a computer. Most work full time.,"health information technologists and medical registrars.     Medical assistants complete administrative and clinical tasks, such as scheduling appointments and taking patients’ vital signs. Medical records specialists compile, process, and maintain patient files. Medical transcriptionists use electronic devices to convert voice recordings from physicians and other healthcare workers into formal reports."
153,"Heating, Air Conditioning, or Refrigeration Mechanic and Installer",57300.0,"Heating, air conditioning, and refrigeration mechanics and installers work on heating, ventilation, air conditioning, and refrigeration (HVACR) systems that control the temperature and air quality in buildings.  Install, maintain, and repair HVACR systems HVAC technicians ","Heating, air conditioning, and refrigeration mechanics and installers (HVAC technicians) typically need a postsecondary nondegree award, although some enter the occupation with less education. Once hired, they typically have a lengthy period of on-the-job training to attain competency. HVAC technicians may need a license or certification.   Customer-service skills. ","These workers install and repair systems in homes, schools, hospitals, and other buildings. They may need to work in cramped spaces, outdoors, or in extreme temperatures. Most work full time, and schedules may vary.","heating, air conditioning, and refrigeration mechanics and installers.    Boilermakers assemble, install, maintain, and repair boilers, closed vats, and other large vessels or containers that hold liquids and gases. Electricians install, maintain, and repair electrical power, communications, lighting, and control systems. Plumbers, pipefitters, and steamfitters install and repair piping fixtures and systems. Sheet metal workers fabricate or install products that are made from thin metal sheets. Solar photovoltaic (PV) installers assemble, set up, and maintain rooftop or other systems that convert sunlight into energy. General maintenance and repair workers fix and maintain machines, mechanical equipment, and buildings. Wind turbine service technicians maintain and repair wind turbines. Stationary engineers and boiler operators control stationary engines, boilers, or other mechanical equipment."
154,Heavy or Tractor-trailer Truck Driver,54320.0,"Heavy and tractor-trailer truck drivers transport goods from one location to another. Most tractor-trailer drivers are long-haul drivers and operate trucks with a total weight exceeding 26,000 pounds for the vehicle, passengers, and cargo. These drivers deliver goods over intercity routes that sometimes span several states.  Drive long distances owner-operators ",Heavy and tractor-trailer truck drivers usually have a high school diploma and attend a professional truck driving school. They must have a commercial driver’s license (CDL).   Hand-eye coordination. ,Working as a long-haul truck driver is a lifestyle choice because these drivers can be away from home for days or weeks at a time.,"heavy and tractor-trailer truck drivers.    Bus drivers transport people between various places. Delivery truck drivers and driver/sales workers pick up, transport, and drop off packages and small shipments within a local region or urban area. Hand laborers and material movers manually move freight, stock, or other materials. Material recording clerks track product information in order to keep businesses and supply chains on schedule. Railroad workers ensure that passenger and freight trains operate safely. They may drive trains, coordinate the activities of the trains, or control signals and switches in the rail yard. Water transportation workers operate and maintain vessels that take cargo and people over water."
155,Heavy Vehicle or Mobile Equipment Service Technician,61000.0,"Heavy vehicle and mobile equipment service technicians, also called mechanics, inspect, maintain, and repair vehicles and machinery used in construction, farming, rail transportation, and other industries.  Consult equipment operating manuals, blueprints, and drawings mechanics ","Most heavy vehicle and mobile equipment service technicians have a high school diploma or equivalent. Because vehicle and equipment technology is increasingly sophisticated and computerized, some employers prefer to hire service technicians who have completed a formal training program at a postsecondary institution.   Dexterity. ","Service technicians usually work indoors in noisy repair shops. They often lift heavy parts and tools, handle greasy and dirty equipment, and stand or lie in uncomfortable positions. Most service technicians work full time, and many work evenings and weekends.","heavy vehicle and mobile equipment service technicians.    Aircraft and avionics equipment mechanics and technicians install, test, adjust, and repair equipment and systems in aircraft. Automotive body and glass repairers restore, refinish, and replace vehicle bodies and frames, windshields, and window glass. Automotive service technicians and mechanics inspect, maintain, and repair cars and light trucks. Diesel service technicians and mechanics inspect, repair, and overhaul buses, trucks, or any vehicle with a diesel engine. Industrial machinery mechanics, machinery maintenance workers, and millwrights install, maintain, and repair factory equipment and other industrial machinery. Small engine mechanics inspect, service, and repair motorized power equipment. Water transportation workers operate and maintain vessels that take cargo and people over water."
156,High School Teacher,65220.0,High school teachers help prepare students for life after graduation. They teach academic lessons and various skills that students will need to attend college or to enter the job market.  Plan lessons and instruct their students in the subject they teach  ,"High school teachers typically must have at least a bachelor’s degree. In addition, public school teachers must have a state-issued certification or license.  A bachelor’s degree with a minimum grade point average Communication skills. ",High school teachers work in schools. They work during school hours but may also work evenings and weekends to prepare lessons and grade papers. Most do not teach during the summer.,"high school teachers.    Career and technical education teachers instruct students in various technical and vocational subjects, such as auto repair, healthcare, and culinary arts. Elementary, middle, and high school principals oversee all school operations, including daily school activities. Kindergarten and elementary school teachers instruct young students in basic subjects in order to prepare them for future schooling. Middle school teachers educate students, typically in sixth through eighth grades. Postsecondary teachers instruct students in a variety of academic subjects beyond the high school level. Preschool teachers educate and care for children younger than age 5 who have not yet entered kindergarten. School counselors help students develop academic and social skills. Career counselors and advisors help people choose a path to employment. Special education teachers work with students who have a wide range of learning, mental, emotional, and physical disabilities. Teacher assistants work with a licensed teacher to give students additional attention and instruction. Adult basic and secondary education and ESL (English as a Second Language) teachers instruct adults in fundamental skills, such as reading and speaking English. They also help students earn their high school equivalency credential."
157,Historian,72890.0,"Historians research, analyze, interpret, and write about the past by studying historical documents and sources.  Gather historical data from various sources, including archives, books, and artifacts  ","Historians typically need at least a master’s degree to enter the occupation. Those with a bachelor’s degree in history may qualify for some entry-level positions, but most will find jobs in different fields.   Analytical skills. ",Historians must travel to carry out research. Most work full time.,"historians.    Anthropologists and archeologists study the origin, development, and behavior of humans. Archivists and curators oversee institutions’ collections, such as of historical items or of artwork. Museum technicians and conservators prepare and restore items in those collections. Economists conduct research, prepare reports, and evaluate issues related to monetary and fiscal policy. They also may collect and analyze statistical data. Editors plan, review, and revise content for publication. Geographers study the Earth and the distribution of its land, features, and inhabitants. High school teachers teach academic lessons and various skills that students will need to attend college and to enter the job market. Political scientists study the origin, development, and operation of political systems. Postsecondary teachers instruct students in a variety of academic subjects beyond the high school level. Sociologists study society and social behavior by examining the groups, cultures, social institutions, and processes that develop when people interact and work together. Writers and authors develop written content for various types of media."
158,Home Health or Personal Care Aide,33530.0,"Home health and personal care aides monitor the condition of people with disabilities or chronic illnesses and help them with daily living activities. They often help older adults who need assistance. Under the direction of a nurse or other healthcare practitioner, home health aides may be allowed to give a client medication or to check the client’s vital signs.  Assist clients in their daily personal tasks, such as bathing or dressing Home health aides ","Home health and personal care aides typically need a high school diploma or equivalent, but some positions do not require it. Those working in certified home health or hospice agencies must complete formal training and pass a standardized test.   Detail oriented. ","Home health and personal care aides work in a variety of settings, including clients’ homes, group homes, and day services programs. Most aides work full time, although part-time work is common. Work schedules may vary.","home health and personal care aides.    Childcare workers attend to children's needs while helping to foster early development. Licensed practical nurses (LPNs) and licensed vocational nurses (LVNs) provide basic medical care. Medical assistants complete administrative and clinical tasks, such as scheduling appointments and taking patients’ vital signs. Nursing assistants provide basic care and help patients with activities of daily living. Orderlies transport patients and clean treatment areas. Occupational therapy assistants and aides help occupational therapists provide treatments and procedures to clients, or they do routine tasks such as preparing treatment rooms. Physical therapist assistants and aides are supervised by physical therapists to help patients regain movement and manage pain after injuries and illnesses. Psychiatric technicians and aides care for people who have mental conditions or developmental disabilities. Registered nurses (RNs) provide and coordinate patient care and educate patients and the public about various health conditions. Social and human service assistants provide client services in a variety of fields, such as psychology, rehabilitation, and social work."
159,Human Resources Manager,136350.0,"Human resources managers plan, coordinate, and direct the administrative functions of an organization. They oversee the recruiting, interviewing, and hiring of new staff; consult with top executives on strategic planning; and serve as a link between an organization’s management and its employees.  Plan and coordinate an organization’s workforce to best use employees’ talents Labor relations directors ","Candidates typically need a combination of education and several years of related work experience to become a human resources manager. Although most positions require a bachelor’s degree, some require a master’s degree.   Communication skills. ","Human resources managers are employed in nearly every industry. They work in offices, and most work full time during regular business hours. Some travel to attend professional meetings or to recruit employees.","human resources managers.    Administrative services and facilities managers plan, direct, and coordinate activities that help an organization run efficiently. Compensation and benefits managers plan, develop, and oversee programs to pay employees. Compensation, benefits, and job analysis specialists oversee wage and nonwage programs that an organization provides to its employees in return for their work. They also evaluate position descriptions to determine details such as classification and salary. Human resources specialists recruit, screen, and interview job applicants and place newly hired workers in jobs. They also may handle compensation and benefits, training, and employee relations. Labor relations specialists resolve employee-management disputes and negotiate labor contracts. Top executives plan strategies and policies to ensure that an organization meets its goals. Training and development managers plan, coordinate, and direct skills- and knowledge-enhancement programs for an organization’s staff. Training and development specialists plan and administer programs that improve the skills and knowledge of their employees."
160,Human Resources Specialist,67650.0,"Human resources specialists recruit, screen, and interview job applicants and place newly hired workers in jobs. They also may handle compensation and benefits, training, and employee relations.  Consult with employers to identify hiring needs Human resources generalists ",Human resources specialists typically need a bachelor’s degree to enter the occupation.   Communication skills.  ,"Human resources specialists generally work in office settings. Some, particularly recruitment specialists, travel to attend job fairs, visit college campuses, and meet with applicants. Most human resources specialists work full time during regular business hours. Some work more than 40 hours per week.","human resources specialists.    Compensation and benefits managers plan, develop, and oversee programs to pay employees. Compensation, benefits, and job analysis specialists oversee wage and nonwage programs that an organization provides to its employees in return for their work. They also evaluate position descriptions to determine details such as classification and salary. Customer service representatives interact with customers to handle complaints, process orders, and answer questions. Human resources managers plan, coordinate, and direct the administrative functions of an organization. Insurance sales agents contact potential customers and sell one or more types of insurance. Labor relations specialists resolve employee-management disputes and negotiate labor contracts. Public relations specialists create and maintain a positive public image for the clients they represent. Tax examiners and collectors, and revenue agents determine how much is owed in taxes and collect tax from individuals and businesses on behalf of the government. Training and development managers plan, coordinate, and direct skills- and knowledge-enhancement programs for an organization’s staff. Training and development specialists plan and administer programs that improve the skills and knowledge of their employees."
161,Hydrologist,88770.0,"Hydrologists study water and how it moves across and through the Earth’s crust. They research the distribution, circulation, and physical properties of surface water and groundwater. They also study the form and intensity of precipitation and its rate of evaporation into the atmosphere, infiltration into soil, or return to the ocean.  Measure streamflow, volume, and other water-cycle elements of bodies of water  ","To enter the occupation, hydrologists typically need a bachelor’s degree in geology, hydrology, or a related field. However, some employers prefer to hire candidates who have a master’s degree.   Analytical skills. ","Hydrologists typically work in an office setting and in the field. They may need to travel to lakes, streams, and other locations and work outdoors in all types of weather. Most hydrologists work full time, and some work more than 40 hours a week.","hydrologists.    Atmospheric scientists study, report on, and forecast the weather and climate. Civil engineers plan, design, and supervise the construction and maintenance of building and infrastructure projects. Conservation scientists and foresters manage the land quality of forests, parks, rangelands, and other natural resources. Environmental engineers use engineering disciplines in developing solutions to problems of planetary health. Environmental science and protection technicians monitor the environment and investigate sources of pollution and contamination, including those affecting public health. Environmental scientists and specialists conduct research or investigations to protect the environment or human health. Geoscientists study the physical aspects of the Earth. Agricultural engineers solve problems concerning power supplies, machine efficiency, the use of structures and facilities, pollution and environmental issues, and the storage and processing of agricultural products. Geological and hydrologic technicians support scientists and engineers in exploring, extracting, and monitoring natural resources. Mining and geological engineers design mines to safely and efficiently remove minerals for use in manufacturing and utilities."
162,Industrial Designer,76250.0,"Industrial designers develop the concepts for manufactured products, such as cars, home appliances, and toys. They combine art, business, and engineering to make products that people use every day. Industrial designers consider the function, aesthetics, production costs, and usability of products when developing new product concepts.  Consult with clients to determine requirements for designs user interface designers ",Industrial designers typically need a bachelor's degree to enter the occupation. They also need an electronic portfolio with examples of their design projects.   Analytical skills. ,"Industrial designers work in a variety of industries. Although industrial designers work primarily in offices, they may travel to testing facilities, design centers, clients’ exhibit sites, users’ homes or workplaces, and places where the product is manufactured.","industrial designers.    Architects plan and design houses, factories, office buildings, and other structures. Desktop publishers use computer software to design page layouts for items that are printed or published online. Drafters use software to convert the designs of engineers and architects into technical drawings. Graphic designers create visual concepts, using computer software or by hand, to communicate ideas that inspire, inform, and captivate consumers. Industrial engineers design, develop, and test integrated systems for managing industrial production processes. Interior designers make indoor spaces functional, safe, and beautiful by determining space requirements and selecting essential and decorative items. Art directors are responsible for the visual style and images in magazines, newspapers, product packaging, and movie and television productions. Fashion designers create clothing, accessories, and footwear. Software developers design computer applications or programs. Software quality assurance analysts and testers identify problems with applications or programs and report defects."
163,Industrial Engineering Technologist or Technician,62610.0,"Industrial engineering technologists and technicians help engineers solve problems affecting manufacturing layout or production. They prepare machinery and equipment plans, design workflows, conduct statistical production studies, and analyze production costs.  Suggest revisions to operation methods, material handling, or equipment layout Manufacturing engineering technologists and technicians ","Industrial engineering technologists and technicians typically need an associate’s degree or a postsecondary certificate to enter the occupation. Community colleges and technical institutes generally offer associate’s degree programs, and vocational–technical schools offer certificate programs.   Analytical skills. ",Most industrial engineering technologists and technicians work in manufacturing industries. Most work full time.,"industrial engineering technologists and technicians.    Calibration technologists and technicians inspect, adjust, and test measurement devices against standards, such as those used in manufacturing, healthcare, and other industries. Cost estimators collect and analyze data in order to assess the time, money, materials, and labor required to make a product or provide a service. Health and safety engineers apply their knowledge of industrial processes, mechanics, psychology, and other disciplines to promote worksite or product safety. Industrial engineers design, develop, and test integrated systems for managing industrial production processes. Logisticians analyze and coordinate an organization’s supply chain. Quality control inspectors examine products and materials for defects or deviations from specifications."
164,Industrial Engineer,99380.0,"Industrial engineers devise efficient systems that integrate workers, machines, materials, information, and energy to make a product or provide a service. They assess workers, quality control, logistics, and other factors involved in coordinating production.  Evaluate manufacturing, delivery, customer experience, or other systems and identify ways to improve productivity and quality Human factors engineers ","Industrial engineers typically need a bachelor’s degree in industrial engineering or a related field, such as mechanical or electrical engineering.   Communication skills.  ","Industrial engineers work in a variety of settings, such as offices and manufacturing plants. Most work full time, and some work more than 40 hours per week.","industrial engineers.    Architectural and engineering managers plan, direct, and coordinate activities in the fields of architecture and engineering. Calibration technologists and technicians inspect, adjust, and test measurement devices against standards, such as those used in manufacturing, healthcare, and other industries. Cost estimators collect and analyze data in order to assess the time, money, materials, and labor required to make a product or provide a service. Health and safety engineers apply their knowledge of industrial processes, mechanics, psychology, and other disciplines to promote worksite or product safety. Industrial engineering technologists and technicians help engineers solve problems affecting manufacturing layout or production. Industrial production managers oversee the operations of manufacturing and related plants. Logisticians analyze and coordinate an organization’s supply chain. Management analysts recommend ways to improve an organization’s efficiency. Occupational health and safety specialists and technicians collect data on, analyze, and design improvements to work environments and procedures. Quality control inspectors examine products and materials for defects or deviations from specifications."
165,"Industrial Machinery Mechanic, Machinery Maintenance Worker, or Millwright",61170.0,"Industrial machinery mechanics and machinery maintenance workers maintain and repair factory equipment and other industrial machinery, such as conveying systems, production machinery, and packaging equipment. Millwrights install, dismantle, repair, reassemble, and move machinery in factories, power plants, and construction sites.  Read technical manuals to understand equipment and controls Industrial machinery mechanics ","Industrial machinery mechanics, machinery maintenance workers, and millwrights typically need a high school diploma. Industrial machinery mechanics and machinery maintenance workers also usually need a year or more of training after high school.  Minimum age of 18 Manual dexterity.  ","Workers in this occupation must follow safety precautions and use protective equipment, such as hardhats, safety glasses, and hearing protectors. Most work full time in manufacturing facilities. However, they may be on call and work night or weekend shifts. Overtime is common.","industrial machinery mechanics, machinery maintenance workers, and millwrights.    Calibration technologists and technicians inspect, adjust, and test measurement devices against standards, such as those used in manufacturing, healthcare, and other industries. Electrical engineers design, develop, test, and supervise the manufacture of electrical equipment. Electricians install, maintain, and repair electrical power, communications, lighting, and control systems. General maintenance and repair workers fix and maintain machines, mechanical equipment, and buildings. Machinists and tool and die makers set up and operate equipment to produce precision metal parts, instruments, and tools. Plumbers, pipefitters, and steamfitters install and repair piping fixtures and systems. Welders, cutters, solderers, and brazers use hand-held or remotely controlled equipment to join, repair, or cut metal parts and products. Wind turbine service technicians maintain and repair wind turbines. Medical equipment repairers install, maintain, and repair patient care equipment."
166,Industrial Production Manager,116970.0,"Industrial production managers oversee the operations of manufacturing and related plants. They coordinate, plan, and direct activities involved in creating a range of goods, such as cars, computer equipment, and paper products.  Decide how best to use a plant’s workers and equipment to meet production goals plant managers ",Industrial production managers typically need a bachelor’s degree and several years of related work experience.   Business skills.  ,"Most industrial production managers work full time, and some work more than 40 hours per week.","industrial production managers.    Advertising, promotions, and marketing managers plan programs to generate interest in products or services. Architectural and engineering managers plan, direct, and coordinate activities in the fields of architecture and engineering. Calibration technologists and technicians inspect, adjust, and test measurement devices against standards, such as those used in manufacturing, healthcare, and other industries. Construction managers plan, coordinate, budget, and supervise construction projects from start to finish. Health and safety engineers apply their knowledge of industrial processes, mechanics, psychology, and other disciplines to promote worksite or product safety. Industrial engineers design, develop, and test integrated systems for managing industrial production processes. Management analysts recommend ways to improve an organization’s efficiency. Mechanical engineers design, develop, build, and test mechanical and thermal sensors and devices. Operations research analysts use mathematics and logic to help solve complex issues. Sales managers plan, direct, or coordinate the delivery of a product or service to the customer. Top executives plan strategies and policies to ensure that an organization meets its goals."
167,Information Clerk,40540.0,"Information clerks do routine clerical tasks such as maintaining records, collecting data, and providing information to customers.  Prepare routine reports, claims, bills, or orders Correspondence clerks ",Information clerks typically need a high school diploma and learn their skills on the job.   Communication skills. ,"Although information clerks are employed in nearly every industry, many work in government agencies, hotels, and healthcare facilities. Most information clerks work full time.","information clerks.    Bookkeeping, accounting, and auditing clerks compute, classify, and record data to help organizations keep complete and accurate financial records. Customer service representatives interact with customers to handle complaints, process orders, and answer questions. Financial clerks do administrative work, help customers, and carry out transactions that involve money. General office clerks perform a variety of clerical tasks, including answering telephones, typing documents, and filing records. Human resources specialists recruit, screen, and interview job applicants and place newly hired workers in jobs. They also may handle compensation and benefits, training, and employee relations. Lodging managers ensure that guests have a pleasant experience at an accommodations facility. They also plan, direct, or coordinate activities to ensure that the facility is efficient and profitable. Material recording clerks track product information in order to keep businesses and supply chains on schedule. Receptionists do tasks such as answering phones, receiving visitors, and providing information about their organization to the public. Medical records specialists compile, process, and maintain patient files. Secretaries and administrative assistants do routine clerical and organizational tasks."
168,Information Security Analyst,120360.0,Information security analysts plan and carry out security measures to protect an organization’s computer networks and systems.  Monitor their organization’s networks for security breaches and investigate when one occurs  ,"Information security analysts typically need a bachelor’s degree in a computer science field, along with related work experience. Employers may prefer to hire analysts who have professional certification.   Analytical skills ","Most information security analysts work for computer companies, consulting firms, or business and financial companies.","information security analysts.    Computer and information research scientists design innovative uses for new and existing computing technology. Computer and information systems managers plan, coordinate, and direct computer-related activities in an organization. Computer network architects design and implement data communication networks, including local area networks (LANs), wide area networks (WANs), and intranets. Computer programmers write, modify, and test code and scripts that allow computer software and applications to function properly. Computer support specialists maintain computer networks and provide technical help to computer users. Computer systems analysts study an organization’s current computer systems and design ways to improve efficiency. Database administrators and architects create or organize systems to store and secure data. Network and computer systems administrators install, configure, and maintain organizations’ computer networks and systems. Software developers design computer applications or programs. Software quality assurance analysts and testers identify problems with applications or programs and report defects. Web developers create and maintain websites. Digital designers develop, create, and test website or interface layout, functions, and navigation for usability."
169,Instructional Coordinator,74620.0,"Instructional coordinators oversee school curriculums and teaching standards. They develop educational material, implement it with teachers and principals, and assess its effectiveness.  Develop and implement the curriculums curriculum specialists ","Instructional coordinators typically need a master’s degree and related work experience, such as in teaching or school administration, to enter the occupation. Coordinators in public schools may be required to have a state-issued license.   Analytical skills. ","Most instructional coordinators work in elementary and secondary schools, colleges, professional schools, or educational support services or for state and local governments. They typically work year round.","instructional coordinators.    Elementary, middle, and high school principals oversee all school operations, including daily school activities. High school teachers teach academic lessons and various skills that students will need to attend college and to enter the job market. Kindergarten and elementary school teachers instruct young students in basic subjects in order to prepare them for future schooling. Librarians and library media specialists help people find information and conduct research for personal and professional use. Middle school teachers educate students, typically in sixth through eighth grades. Postsecondary teachers instruct students in a variety of academic subjects beyond the high school level. Preschool teachers educate and care for children younger than age 5 who have not yet entered kindergarten. School counselors help students develop academic and social skills. Career counselors and advisors help people choose a path to employment. Special education teachers work with students who have a wide range of learning, mental, emotional, and physical disabilities. Teacher assistants work with a licensed teacher to give students additional attention and instruction. Training and development specialists plan and administer programs that improve the skills and knowledge of their employees. Training and development managers plan, coordinate, and direct skills- and knowledge-enhancement programs for an organization’s staff. Adult basic and secondary education and ESL (English as a Second Language) teachers instruct adults in fundamental skills, such as reading and speaking English. They also help students earn their high school equivalency credential. Career and technical education teachers instruct students in various technical and vocational subjects, such as auto repair, healthcare, and culinary arts."
170,Insulation Worker,49350.0,"Insulation workers, also called insulators, install and replace the materials used to insulate buildings or mechanical systems.  Remove and dispose of old insulation insulators ","Most floor, ceiling, and wall insulators learn their trade on the job. Many mechanical insulators complete an apprenticeship program after earning a high school diploma or equivalent.   Ability to work at heights. ","Insulators generally work indoors. Mechanical insulators work both indoors and outdoors, sometimes in extreme temperatures. They spend most of their workday standing, bending, or kneeling, often in confined spaces.","insulation workers.    Carpenters construct, repair, and install building frameworks and structures made from wood and other materials. Construction laborers and helpers perform tasks, such as using, supplying, or holding materials or tools and cleaning work areas and equipment, on construction sites. Drywall and ceiling tile installers hang wallboard and install ceiling tile inside buildings. Tapers prepare the wallboard for painting. Roofers replace, repair, and install the roofs of buildings. Boilermakers assemble, install, maintain, and repair boilers, closed vats, and other large vessels or containers that hold liquids and gases. Hazardous materials removal workers identify and dispose of harmful substances such as asbestos, lead, and radioactive waste. Masonry workers use bricks, concrete and concrete blocks, and natural and manmade stones to build structures."
171,Insurance Sales Agent,59080.0,Insurance sales agents contact potential customers and sell one or more types of insurance. These agents explain various insurance policies and help clients choose the plans that suit them.  Contact potential clients to expand their own customer base Property and casualty insurance agents ,"Insurance sales agents typically need a high school diploma to enter the occupation. However, employers may prefer to hire candidates who have a bachelor’s degree. Agents must be licensed in the states where they work.   Analytical skills. ","Most insurance sales agents work in office settings, although they may spend time traveling to meet with clients.","insurance sales agents.    Wholesale and manufacturing sales representatives sell goods for wholesalers or manufacturers to businesses, government agencies, and other organizations. Advertising sales agents sell promotional space to businesses and individuals. Real estate brokers and sales agents help clients buy, sell, and rent properties. Securities, commodities, and financial services sales agents connect buyers and sellers in financial markets. Sales managers plan, direct, or coordinate the delivery of a product or service to the customer. Insurance underwriters evaluate insurance applications and decide whether to approve them. Personal financial advisors provide advice to help individuals manage their money and plan for their financial future."
172,Insurance Underwriter,77860.0,"Insurance underwriters evaluate insurance applications and decide whether to approve them. For approved applications, underwriters determine coverage amounts and premiums.  Analyze information stated on insurance applications  ","Insurance underwriters typically need a bachelor’s degree to enter the occupation. However, candidates who have an associate's degree or a high school diploma and insurance-related work experience sometimes qualify for positions. Certification may be beneficial.   Analytical skills. ",Insurance underwriters work in an office setting during regular business hours. Most work full time.,"insurance underwriters.    Actuaries use mathematics, statistics, and financial theory to analyze the economic costs of risk and uncertainty. Budget analysts help public and private organizations plan their finances. Claims adjusters, appraisers, examiners, and investigators evaluate insurance claims. Cost estimators collect and analyze data in order to assess the time, money, materials, and labor required to make a product or provide a service. Insurance sales agents contact potential customers and sell one or more types of insurance. Loan officers evaluate, authorize, or recommend approval of loan applications."
173,Interior Designer,62510.0,"Interior designers make indoor spaces functional, safe, and beautiful by determining space requirements and selecting essential and decorative items, such as colors, lighting, and materials. They must be able to draw, read, and edit blueprints. They also must be aware of building codes, inspection regulations, and other considerations, such as accessibility standards.  Search for and bid on new projects Corporate designers ",Interior designers typically need a bachelor’s degree to enter the occupation.   Artistic ability. ,"Many interior designers work in specialized design services or in architectural, engineering, and related services.","interior designers.    Architects plan and design houses, factories, office buildings, and other structures. Art directors are responsible for the visual style and images in magazines, newspapers, product packaging, and movie and television productions. Craft and fine artists use a variety of materials and techniques to create art for sale and exhibition. Fashion designers create clothing, accessories, and footwear. Floral designers arrange live, dried, and silk flowers and greenery to make decorative displays. Industrial designers combine art, business, and engineering to develop the concepts for manufactured products. Landscape architects design parks and other outdoor spaces. Graphic designers create visual concepts, using computer software or by hand, to communicate ideas that inspire, inform, and captivate consumers."
174,Interpreter or Translator,57090.0,"Interpreters and translators convert information from one language into another language. Interpreters work in spoken or sign language; translators work in written language.  Convert concepts, style, and tone in the source language to equivalent concepts, style, and tone of the target language Interpreters ","Interpreters and translators typically need at least a bachelor’s degree to enter the occupation. They also must be proficient in at least two languages (English and one other language), as well as in the interpretation or translation service they intend to provide.   Business skills ","Interpreters and translators work in settings such as schools, hospitals, courtrooms, meeting rooms, and conference centers. Part-time work is common, and work schedules may vary.","interpreters and translators.    Adult basic and secondary education and ESL (English as a Second Language) teachers instruct adults in fundamental skills, such as reading and speaking English. They also help students earn their high school equivalency credential. Career and technical education teachers instruct students in various technical and vocational subjects, such as auto repair, healthcare, and culinary arts. Court reporters create word-for-word transcriptions at trials, depositions, and other legal proceedings. Simultaneous captioners provide similar transcriptions for television or for presentations in other settings, such as press conferences and business meetings, for people who are deaf or hard of hearing. High school teachers teach academic lessons and various skills that students will need to attend college and to enter the job market. Kindergarten and elementary school teachers instruct young students in basic subjects in order to prepare them for future schooling. Medical transcriptionists use electronic devices to convert voice recordings from physicians and other healthcare workers into formal reports. Middle school teachers educate students, typically in sixth through eighth grades. Postsecondary teachers instruct students in a variety of academic subjects beyond the high school level. Special education teachers work with students who have a wide range of learning, mental, emotional, and physical disabilities. Technical writers prepare instruction manuals, how-to guides, journal articles, and other supporting documents to communicate complex and technical information more easily. Writers and authors develop written content for various types of media."
175,Ironworker,60780.0,"Ironworkers install structural and reinforcing iron and steel to form and support bridges, roads, and other structures.  Read and follow blueprints, sketches, and other instructions erectors ",Most ironworkers learn through an apprenticeship or on-the-job training.   Ability to work at heights. ,"Ironworkers perform physically demanding and dangerous work, often at great heights. Workers must wear safety equipment to reduce the risk of falls or other injuries.","ironworkers.    Assemblers and fabricators build finished products and the parts that go into them. Boilermakers assemble, install, maintain, and repair boilers, closed vats, and other large vessels or containers that hold liquids and gases. Carpenters construct, repair, and install building frameworks and structures made from wood and other materials. Construction laborers and helpers perform tasks, such as using, supplying, or holding materials or tools and cleaning work areas and equipment, on construction sites. Masonry workers use bricks, concrete and concrete blocks, and natural and manmade stones to build structures. Welders, cutters, solderers, and brazers use hand-held or remotely controlled equipment to join, repair, or cut metal parts and products."
176,Janitor or Building Cleaner,35020.0,"Janitors and building cleaners keep many types of buildings clean, sanitary, orderly, and in good condition.  Gather and empty trash Building superintendents ","Janitors and building cleaners typically do not need formal education to enter the occupation. However, some employers may require or prefer that workers have a high school diploma or equivalent. Most janitors and building cleaners learn on the job.   Interpersonal skills ","Janitors and building cleaners usually work indoors, but they may also work outdoors on tasks such as sweeping walkways or removing snow. Most janitors and building cleaners work full time, although part-time work is common. Work schedules may vary to include evenings, nights, or weekends.","janitors and building cleaners.    Grounds maintenance workers install and maintain landscapes, prune trees or shrubs, and do other tasks to ensure that vegetation is attractive, orderly, and safe. Pest control workers remove insects, rodents, and other pests that infest buildings and surrounding areas."
177,Jeweler or Precious Stone and Metal Worker,47450.0,"Jewelers and precious stone and metal workers design, construct, adjust, repair, appraise and sell jewelry and related products.  Design and create jewelry from precious metals and stones Bench jewelers, ","Jewelers and precious stone and metal workers typically need a high school diploma to enter the occupation, and they learn their skills on the job. Some workers complete an apprenticeship or trade school program.   Creativity. ","Jewelers and precious stone and metal workers may spend much of their time at a workbench or polishing station, using tools and chemicals. Most work full time.","jewelers and precious stone and metal workers.    Craft and fine artists use a variety of materials and techniques to create art for sale and exhibition. Fashion designers create clothing, accessories, and footwear. Industrial designers combine art, business, and engineering to develop the concepts for manufactured products. Retail sales workers sell merchandise, spare and replacement parts, and equipment to customers. Welders, cutters, solderers, and brazers use hand-held or remotely controlled equipment to join, repair, or cut metal parts and products. Woodworkers manufacture a variety of products, such as cabinets and furniture, using wood, veneers, and laminates."
178,Judge or Hearing Officer,132950.0,"Judges and hearing officers oversee legal matters in court or administrative proceedings. They may conduct pretrial hearings, facilitate negotiations between opposing parties, and issue legal decisions.  Research legal issues Judges, magistrate judges, and magistrates ","Judges and hearing officers typically need a law degree and work experience as a lawyer. However, specific requirements may vary.   Analytical skills.  ","Judges and hearing officers are employed by the federal government or by local and state governments. Most judges and hearing officers work full time, and some work more than 40 hours per week.","judges and hearing officers.    Arbitrators, mediators, and conciliators facilitate negotiation through dialogue to help resolve conflicts outside of the court system. Lawyers advise and represent clients on legal proceedings or transactions. Paralegals and legal assistants supportlawyersby performing a variety of tasks, such as maintaining and organizing files, conducting legal research, and drafting documents. Private detectives and investigators gather, analyze, and report information to clients regarding legal or personal matters."
179,Kindergarten or Elementary School Teacher,63670.0,"Kindergarten and elementary school teachers instruct young students in basic subjects, such as math and reading, in order to prepare them for middle school.  Create lesson plans to teach students subjects, such as reading, science, and math English as a second language (ESL) ","Kindergarten and elementary school teachers usually must have a bachelor’s degree. In addition, public school teachers must have a state-issued certification or license.  A bachelor’s degree with a minimum grade point average Communication skills. ",Kindergarten and elementary school teachers work in public and private schools. They generally work during school hours when students are present and use nights and weekends to prepare lessons and grade papers. Most kindergarten and elementary school teachers do not work during the summer.,"kindergarten and elementary school teachers.    Career and technical education teachers instruct students in various technical and vocational subjects, such as auto repair, healthcare, and culinary arts. Childcare workers attend to children's needs while helping to foster early development. Elementary, middle, and high school principals oversee all school operations, including daily school activities. High school teachers teach academic lessons and various skills that students will need to attend college and to enter the job market. Instructional coordinators oversee school curriculums and teaching standards. They develop instructional material, implement it, and assess its effectiveness. Librarians and library media specialists help people find information and conduct research for personal and professional use. Middle school teachers educate students, typically in sixth through eighth grades. Postsecondary teachers instruct students in a variety of academic subjects beyond the high school level. Preschool teachers educate and care for children younger than age 5 who have not yet entered kindergarten. School counselors help students develop academic and social skills. Career counselors and advisors help people choose a path to employment. Social workers help people prevent and cope with problems in their everyday lives. Special education teachers work with students who have a wide range of learning, mental, emotional, and physical disabilities. Teacher assistants work with a licensed teacher to give students additional attention and instruction."
180,Labor Relations Specialist,89980.0,"Labor relations specialists (also called employee relations specialists) resolve employee-management disputes, negotiate labor contracts, and coordinate grievance procedures regarding worker complaints. They may offer input on issues such as wages and salaries, nonwage benefits, and union or management practices.  Support interactions and negotiations between management and employee representatives, such as labor unions  ","To enter the occupation, these specialists typically need a bachelor’s degree in labor and industrial relations, human resources, business, or a related field. Specialists also may need several years of experience in a related occupation.   Communication skills.  ",Labor relations specialists typically work in an office setting. Most work full time.,"labor relations specialists.    Arbitrators, mediators, and conciliators facilitate negotiation through dialogue to help resolve conflicts outside of the court system. Compensation, benefits, and job analysis specialists oversee wage and nonwage programs that an organization provides to its employees in return for their work. They also evaluate position descriptions to determine details such as classification and salary. Human resources managers plan, coordinate, and direct the administrative functions of an organization. Human resources specialists recruit, screen, and interview job applicants and place newly hired workers in jobs. They also may handle compensation and benefits, training, and employee relations. Lawyers advise and represent clients on legal proceedings or transactions. Public relations specialists create and maintain a positive public image for the clients they represent. Training and development managers plan, coordinate, and direct skills- and knowledge-enhancement programs for an organization’s staff. Training and development specialists plan and administer programs that improve the skills and knowledge of their employees. Social and human service assistants provide client services in a variety of fields, such as psychology, rehabilitation, and social work."
181,Landscape Architect,79320.0,"Landscape architects design parks and the outdoor spaces of campuses, recreational facilities, businesses, private homes, and other open spaces.  Meet with clients, engineers, and building architects to understand the requirements of a project  ","Landscape architects usually need at least a bachelor’s degree in landscape architecture and a state-issued license, which typically requires completion of an internship.   Analytical skills ","Landscape architects spend much of their time in offices, where they create designs, prepare models, and meet with clients. They spend the rest of their time at jobsites.","landscape architects.    Architects plan and design houses, factories, office buildings, and other structures. Civil engineers plan, design, and supervise the construction and maintenance of building and infrastructure projects. Construction managers plan, coordinate, budget, and supervise construction projects from start to finish. Environmental scientists and specialists conduct research or investigations to protect the environment or human health. Hydrologists study water and how it moves across and through the Earth’s crust. Surveying and mapping technicians collect data and make maps of the Earth's surface. Surveyors make precise measurements to determine property boundaries. Urban and regional planners develop comprehensive plans and programs for use of land and physical facilities in cities, counties, metropolitan areas, and other jurisdictions. Drafters use software to convert the designs of engineers and architects into technical drawings. Interior designers make indoor spaces functional, safe, and beautiful by determining space requirements and selecting essential and decorative items."
182,Lawyer,145760.0,Lawyers advise and represent clients on legal proceedings or transactions.  Advise and represent clients in criminal or civil proceedings and in other legal matters attorneys ,"Lawyers typically need a law degree and a state license, which usually requires passing a bar examination.   Analytical skills ","Lawyers work for a variety of organizations, usually in office settings. Some work for federal, local, or state governments. Most work full time, and some work more than 40 hours per week.","lawyers.    Arbitrators, mediators, and conciliators facilitate negotiation through dialogue to help resolve conflicts outside of the court system. Judges and hearing officers oversee legal matters in court or administrative proceedings. Paralegals and legal assistants supportlawyersby performing a variety of tasks, such as maintaining and organizing files, conducting legal research, and drafting documents. Postsecondary teachers instruct students in a variety of academic subjects beyond the high school level."
183,Librarian or Library Media Specialist,64370.0,"Librarians and library media specialists help people find information and conduct research for personal and professional use. Their job duties may change based on the type of setting they work in, such as public, school, or medical libraries.  Create and use databases of library materials Academic librarians ","Librarians typically need a master’s degree in library science (MLS). School librarians and library media specialists typically need a bachelor’s or master’s degree in a related field, along with a teaching certificate; requirements vary by state.   Communication skills. ","Librarians and library media specialists work for local governments, schools, and other organizations. Most work full time, although part-time work is common.","librarians and library media specialists.    Adult basic and secondary education and ESL (English as a Second Language) teachers instruct adults in fundamental skills, such as reading and speaking English. They also help students earn their high school equivalency credential. Archivists and curators oversee institutions’ collections, such as of historical items or of artwork. Museum technicians and conservators prepare and restore items in those collections. High school teachers teach academic lessons and various skills that students will need to attend college and to enter the job market. Instructional coordinators oversee school curriculums and teaching standards. They develop instructional material, implement it, and assess its effectiveness. Kindergarten and elementary school teachers instruct young students in basic subjects in order to prepare them for future schooling. Library technicians and assistants help librarians with all aspects of running a library. Middle school teachers educate students, typically in sixth through eighth grades. Postsecondary teachers instruct students in a variety of academic subjects beyond the high school level."
184,Library Technician or Assistant,36700.0,"Library technicians and assistants help librarians with all aspects of running a library. They assist patrons, organize library materials and information, and do clerical and administrative tasks.  Loan library materials to patrons and collect returned materials Academic library technicians and assistants ","Library technicians typically need a postsecondary certificate. Library assistants typically need a high school diploma or its equivalent, combined with short-term on-the-job training.   Communication skills. ","Library technicians and assistants work in local public libraries, corporate and specialty libraries, and school and university libraries.","library technicians and assistants.    Librarians and library media specialists help people find information and conduct research for personal and professional use. Medical records specialists compile, process, and maintain patient files. Receptionists do tasks such as answering phones, receiving visitors, and providing information about their organization to the public. Teacher assistants work with a licensed teacher to give students additional attention and instruction."
185,Licensed Practical or Licensed Vocational Nurse,59730.0,"Licensed practical nurses (LPNs) and licensed vocational nurses (LVNs) provide basic medical care to ill, injured, or convalescing patients or to persons with disabilities. Responsibilities for LPNs and LVNs are nearly identical; their title depends on the state in which they work.  Monitor patients’ health by checking their blood pressure, body temperature, and other vital signs  ","Licensed practical nurses (LPNs) and licensed vocational nurses (LVNs) must complete a state-approved educational program, which typically takes about 1 year. They also must have a license.   Compassion. ","Licensed practical and licensed vocational nurses work in a variety of settings, including nursing and residential care facilities, hospitals, physicians’ offices, and private homes. Most work full time.","licensed practical and licensed vocational nurses.    Nursing assistants provide basic care and help patients with activities of daily living. Orderlies transport patients and clean treatment areas. Occupational therapy assistants and aides help occupational therapists provide treatments and procedures to clients, or they do routine tasks such as preparing treatment rooms. Physical therapist assistants and aides are supervised by physical therapists to help patients regain movement and manage pain after injuries and illnesses. Psychiatric technicians and aides care for people who have mental conditions or developmental disabilities. Registered nurses (RNs) provide and coordinate patient care and educate patients and the public about various health conditions. Surgical assistants and technologists help with surgical operations. Medical assistants complete administrative and clinical tasks, such as scheduling appointments and taking patients’ vital signs."
186,Loan Officer,69990.0,"Loan officers evaluate, authorize, or recommend approval of applications for personal and business loans.  Contact businesses or people to ask if they need a loan Commercial loan officers ",Loan officers typically need a bachelor’s degree and on-the-job training. Mortgage loan officers must be licensed.   Decision-making skills ,"Most loan officers are employed by commercial banks, credit unions, mortgage companies, and other financial institutions. Most loan officers work full time, and some work more than 40 hours per week. Except for consumer loan officers, who spend most of their time in offices, these workers may travel to visit clients.","loan officers.    Financial analysts guide businesses and individuals in decisions about expending money to attain profit. Financial examiners ensure compliance with laws that govern institutions handling monetary transactions. Personal financial advisors provide advice to help individuals manage their money and plan for their financial future. Tax examiners and collectors, and revenue agents determine how much is owed in taxes and collect tax from individuals and businesses on behalf of the government. Insurance sales agents contact potential customers and sell one or more types of insurance. Securities, commodities, and financial services sales agents connect buyers and sellers in financial markets. Real estate brokers and sales agents help clients buy, sell, and rent properties. Financial managers create financial reports, direct investment activities, and develop plans for the long-term financial goals of their organization. Tellers process routine transactions, such as cashing checks and depositing money, at a bank or credit union."
187,Lodging Manager,65360.0,"Lodging managers ensure that guests have a pleasant experience at a hotel, motel, or other type of facility with accommodations. Lodging managers also plan, direct, or coordinate activities to ensure that the facility is efficient and profitable.  Inspect guest rooms, public areas, and grounds for cleanliness and appearance Convention service managers ","To enter the occupation, lodging managers typically take one of three paths: a high school diploma combined with several years of experience working in a lodging facility, a bachelor’s degree in hospitality or hotel management, or an associate’s degree or certificate in hotel management.   Business skills ","Most lodging managers work full time. Work schedules may vary and often include evenings, weekends, and holidays. Because these facilities are open around the clock, some managers are on call 24 hours a day.","lodging managers.    Food service managers are responsible for the daily operation of restaurants or other establishments that prepare and serve food and beverages. Gambling services workers serve customers in gambling establishments, such as casinos or racetracks. Human resources managers plan, coordinate, and direct the administrative functions of an organization. Property, real estate, and community association managers oversee many aspects of residential, commercial, or industrial properties. Sales managers plan, direct, or coordinate the delivery of a product or service to the customer."
188,Logging Worker,48910.0,Logging workers harvest thousands of acres of forests each year. The timber they harvest provides the raw material for countless consumer and industrial products.  Cut down trees Fallers ,Most logging workers have a high school diploma. They get on-the-job training to become familiar with forest environments and to learn how to operate logging machinery.   Communication skills. ,"Logging is physically demanding and can be dangerous. Workers spend all their time outdoors, sometimes in poor weather and often in isolated areas.","logging workers.    Conservation scientists and foresters manage the land quality of forests, parks, rangelands, and other natural resources. Construction equipment operators drive, maneuver, or control the heavy machinery used to construct roads, buildings, and other structures. Forest and conservation workers perform physical labor to improve the quality of natural areas such as forests, rangelands, and wetlands."
189,Logistician,79400.0,"Logisticians analyze and coordinate an organization’s supply chain, the system that moves a product from supplier to consumer. They manage a product’s entire life cycle, from design to disposal.  Oversee product acquisition  ","Logisticians typically need a bachelor’s degree to enter the occupation. Employers often prefer to hire candidates who have experience in a related occupation. In some cases, work experience may substitute for education.   Communication skills. ","Logisticians work in many industries. Most work full time, and some work more than 40 hours per week.","logisticians.    Cost estimators collect and analyze data in order to assess the time, money, materials, and labor required to make a product or provide a service. Industrial engineering technologists and technicians help engineers solve problems affecting manufacturing layout or production. Industrial engineers design, develop, and test integrated systems for managing industrial production processes. Industrial production managers oversee the operations of manufacturing and related plants. Management analysts recommend ways to improve an organization’s efficiency. Operations research analysts use mathematics and logic to help solve complex issues. Quality control inspectors examine products and materials for defects or deviations from specifications. Buyers and purchasing agents buy products and services for organizations. Purchasing managers oversee the work of buyers and purchasing agents. Meeting, convention, and event planners arrange all aspects of events and professional gatherings. Project management specialists coordinate the budget, schedule, staffing, and other details of a project."
190,Machinist or Tool and Die Maker,53180.0,"Machinists and tool and die makers set up and operate a variety of computer-controlled and mechanically controlled equipment to produce precision metal parts, instruments, and tools.  Read detailed drawings or files, such as blueprints, sketches, and those for computer-aided design (CAD) and computer-aided manufacturing (CAM) Machinists  ","Although machinists typically need a high school diploma to enter the occupation, tool and die makers also may need to complete postsecondary courses. Machinists and tool and die makers typically are trained on the job. Some learn through training or apprenticeship programs, vocational schools, or community and technical colleges.   Analytical skills. ","Machinists and tool and die makers work in machine shops and factories. Many work full time during regular business hours. However, working overtime, as well as nights and weekends, may be common.","machinists and tool and die makers.    Boilermakers assemble, install, maintain, and repair boilers, closed vats, and other large vessels or containers that hold liquids and gases. Industrial machinery mechanics, machinery maintenance workers, and millwrights install, maintain, and repair factory equipment and other industrial machinery. Metal and plastic machine workers set up and operate equipment that cuts, shapes, and forms metal and plastic materials or pieces. Welders, cutters, solderers, and brazers use hand-held or remotely controlled equipment to join, repair, or cut metal parts and products."
191,Management Analyst,99410.0,"Management analysts, often called management consultants, recommend ways to improve an organization’s efficiency. They advise managers on how to make organizations more profitable through reduced costs and increased revenues.  Gather and organize information about the problems to be solved or the procedures to be improved management consultants ",Management analysts typically need at least a bachelor’s degree and several years of related work experience.   Analytical skills. ,Management analysts may travel frequently to meet with clients. Some work more than 40 hours per week.,"management analysts.    Accountants and auditors prepare and examine financial records. Administrative services and facilities managers plan, direct, and coordinate activities that help an organization run efficiently. Budget analysts help public and private organizations plan their finances. Cost estimators collect and analyze data in order to assess the time, money, materials, and labor required to make a product or provide a service. Economists conduct research, prepare reports, and evaluate issues related to monetary and fiscal policy. They also may collect and analyze statistical data. Financial analysts guide businesses and individuals in decisions about expending money to attain profit. Financial managers create financial reports, direct investment activities, and develop plans for the long-term financial goals of their organization. Market research analysts study consumer preferences, business conditions, and other factors to assess potential sales of a product or service. Operations research analysts use mathematics and logic to help solve complex issues. Project management specialists coordinate the budget, schedule, staffing, and other details of a project."
192,Manicurist or Pedicurist,34250.0,"Manicurists and pedicurists clean, shape, and beautify fingernails and toenails.  Discuss nail treatments and services available nail technicians ",Manicurists and pedicurists must complete a state-approved cosmetology or nail technician program and then pass a state exam for licensure.   Business skills ,"Manicurists and pedicurists usually work in a nail salon, spa, or hair salon. Most manicurists and pedicurists work full time, although part-time work is common. Work schedules may vary and often include evenings and weekends.","manicurists and pedicurists.    Barbers, hairstylists, and cosmetologists provide haircutting, hairstyling, and other services related to personal appearance. Skincare specialists provide cleansing and other face and body treatments to enhance a person’s appearance."
193,Marine Engineer or Naval Architect,100270.0,"Marine engineers and naval architects design, develop, and evaluate the operation of marine vessels, ship machinery, and related equipment, such as power supply and propulsion systems.  Study design proposals and specifications to establish basic characteristics of a marine vessel, such as its size, weight, and speed  ","Marine engineers and naval architects typically need a bachelor’s degree in marine engineering, naval architecture, or a related field. Some marine engineering and naval architecture programs are offered at state maritime academies.   Attention to detail. ","Marine engineers and naval architects may work in a variety of settings, such as in offices, on manufacturing shop floors, or at sea. Most marine engineers and naval architects work full time, and some work more than 40 hours per week.","marine engineers and naval architects.    Aerospace engineers design, develop, and test aircraft, spacecraft, satellites, and missiles. Civil engineers plan, design, and supervise the construction and maintenance of building and infrastructure projects. Electrical engineers design, develop, test, and supervise the manufacture of electrical equipment. Mechanical engineers design, develop, build, and test mechanical and thermal sensors and devices. Petroleum engineers devise methods to improve oil and gas extraction and production. Sales engineers sell business products or services, such as software or support, that require technical expertise. Water transportation workers operate and maintain vessels that take cargo and people over water."
194,Market Research Analyst,74680.0,"Market research analysts study consumer preferences, business conditions, and other factors to assess potential sales of a product or service. They help companies understand what products people want, who will buy them, and at what price.  Monitor and forecast marketing and sales trends  ",Market research analysts typically need a bachelor’s degree. Some employers require or prefer that job candidates have a master’s degree. Strong research and analytical skills are essential.   Analytical skills. ,"Because most industries use market research, these analysts are employed throughout the economy. Most analysts work full time during regular business hours.","market research analysts.    Advertising, promotions, and marketing managers plan programs to generate interest in products or services. Cost estimators collect and analyze data in order to assess the time, money, materials, and labor required to make a product or provide a service. Data scientists use analytical tools and techniques to extract meaningful insights from data. Economists conduct research, prepare reports, and evaluate issues related to monetary and fiscal policy. They also may collect and analyze statistical data. Management analysts recommend ways to improve an organization’s efficiency. Mathematicians and statisticians analyze data and apply computational techniques to solve problems. Operations research analysts use mathematics and logic to help solve complex issues. Public relations specialists create and maintain a positive public image for the clients they represent. Survey researchers design and conduct surveys and analyze data."
195,Marriage and Family Therapist,58510.0,"Marriage and family therapists diagnose and treat cognitive, behavioral, or similar disorders in the context of couples and other relationships.  Assess clients to identify their emotional, behavioral, and psychological needs  ",Marriage and family therapists typically need a master’s degree to enter the occupation. Every state requires therapists to be licensed.   Communication skills.  ,"Marriage and family therapists work in a variety of settings, such as offices and mental health centers. Most work full time, but part-time work is common. Some therapists work evenings and weekends.","marriage and family therapists.    Physicians and surgeons diagnose and treat injuries or illnesses and address health maintenance. Psychologists study cognitive, emotional, and social processes and behavior by observing, interpreting, and recording how people relate to one another and to their environments. Rehabilitation counselors work with clients to overcome or manage the personal, social, or psychological effects of disabilities on employment or independent living. School counselors help students develop academic and social skills. Career counselors and advisors help people choose a path to employment. Social and community service managers coordinate and supervise programs and organizations that support public well-being. Social and human service assistants provide client services in a variety of fields, such as psychology, rehabilitation, and social work. Social workers help people prevent and cope with problems in their everyday lives. Substance abuse, behavioral disorder, and mental health counselors advise people on a range of issues, such as those relating to alcoholism, addictions, or depression. Health education specialists develop programs to teach people about conditions affecting well-being. Genetic counselors assess clients' risk for a variety of inherited conditions, such as birth defects."
196,Masonry Worker,53010.0,"Masonry workers, also known as masons, use bricks, concrete and concrete blocks, and natural and manmade stones to build walkways, walls, and other structures.  Read blueprints or drawings to calculate materials needed masons, ",Masons typically need a high school diploma or equivalent and learn the trade either through an apprenticeship or on the job.   Ability to work at heights. ,"Masonry work is physically demanding, requiring heavy lifting and long periods of standing, kneeling, and bending. Most masons work full time.","masonry workers.    Carpenters construct, repair, and install building frameworks and structures made from wood and other materials. Construction laborers and helpers perform tasks, such as using, supplying, or holding materials or tools and cleaning work areas and equipment, on construction sites. Drywall and ceiling tile installers hang wallboard and install ceiling tile inside buildings. Tapers prepare the wallboard for painting. Glaziers install glass in windows, skylights, and other fixtures in buildings. Insulation workers install and replace the materials used to insulate buildings or mechanical systems. Ironworkers install structural and reinforcing iron and steel to form and support buildings, bridges, and roads. Flooring installers and tile and stone setters lay and finish carpet, wood, vinyl, tile, and other materials."
197,Massage Therapist,55310.0,"Massage therapists treat clients by applying pressure to manipulate the body's soft tissues and joints. This treatment may help to relieve pain, heal injuries, relieve stress, and aid in the general wellness of clients.  Talk with clients about their symptoms, medical history, and treatment goals  ","Massage therapists typically complete a postsecondary education program that combines study and experience, although standards and requirements vary by state. Most states regulate massage therapy and require massage therapists to have a license or certification.   Communication skills. ","Massage therapists work in an array of settings, such as spas and offices of other health practitioners. Some also travel to local events, clients’ homes, or other sites. Part-time work is common, and work schedules may vary. Many massage therapists are self-employed.","massage therapists.    Athletic trainers specialize in preventing, diagnosing, and treating muscle and bone injuries and illnesses. Exercise physiologists develop fitness and exercise programs to help people improve their health. Physical therapist assistants and aides are supervised by physical therapists to help patients regain movement and manage pain after injuries and illnesses. Physical therapists help injured or ill people improve movement and manage pain."
198,Material Moving Machine Operator,44750.0,"Material moving machine operators use equipment to transport objects. For example, some operators move goods around factories and storage areas or onto container ships. Others move construction materials around building sites.  Set up and inspect material moving equipment Conveyor operators and tenders ",Education and training requirements vary by occupation. Crane operators typically have several years of experience in a related occupation.   Communication skills.  ,"Most material moving machine operators work full time, and some work more than 40 hours per week. Because materials are shipped around the clock, some operators work overnight shifts.","material moving machine operators.    Construction equipment operators drive, maneuver, or control the heavy machinery used to construct roads, buildings, and other structures. Delivery truck drivers and driver/sales workers pick up, transport, and drop off packages and small shipments within a local region or urban area. Hand laborers and material movers manually move freight, stock, or other materials. Heavy and tractor-trailer truck drivers transport goods from one location to another. Railroad workers ensure that passenger and freight trains operate safely. They may drive trains, coordinate the activities of the trains, or control signals and switches in the rail yard. Water transportation workers operate and maintain vessels that take cargo and people over water."
199,Material Recording Clerk,44210.0,"Material recording clerks track product information in order to keep businesses and supply chains on schedule. They ensure proper scheduling, recordkeeping, and inventory control.  Keep records of items shipped, received, or transferred to another location Production, planning, and expediting clerks ",Material recording clerks typically need a high school diploma or equivalent and are trained on the job.   Communication skills. ,Most material recording clerks work full time.,"material recording clerks.    General office clerks perform a variety of clerical tasks, including answering telephones, typing documents, and filing records. Hand laborers and material movers manually move freight, stock, or other materials. Information clerks perform routine clerical duties, maintain records, collect data, and provide information to customers."
200,Materials Engineer,104100.0,"Materials engineers develop, process, and test materials used to create a range of products, from computer chips and aircraft wings to golf clubs and biomedical devices. They study the properties and structures of metals, ceramics, plastics, composites, nanomaterials (extremely small substances), and other substances in order to create new materials that meet certain mechanical, electrical, and chemical requirements. They also help select materials for specific products and develop new ways to use existing materials.  Plan and evaluate new projects, consulting with other engineers and managers as necessary Ceramic engineers ",Materials engineers typically need a bachelor’s degree in materials science and engineering or in a related engineering field. Completing internships and cooperative-engineering programs while in school may be helpful for gaining hands-on experience.  A degree from an ABET-accredited engineering program Analytical skills. ,Materials engineers generally work in offices where they have access to computers and design equipment. Others work in factories or research and development laboratories. Materials engineers typically work full time and may work overtime hours when necessary.,"materials engineers.    Aerospace engineers design, develop, and test aircraft, spacecraft, satellites, and missiles. Architectural and engineering managers plan, direct, and coordinate activities in the fields of architecture and engineering. Bioengineers and biomedical engineers combine engineering principles with sciences to design and create equipment, devices, computer systems, and software. Calibration technologists and technicians inspect, adjust, and test measurement devices against standards, such as those used in manufacturing, healthcare, and other industries. Chemical engineers apply the principles of chemistry, physics, and engineering to design equipment and processes for manufacturing products such as gasoline, detergents, and paper. Chemists and materials scientists research and analyze the chemical properties of substances to develop new materials, products, or knowledge. Electrical engineers design, develop, test, and supervise the manufacture of electrical equipment. Mechanical engineers design, develop, build, and test mechanical and thermal sensors and devices. Physicists and astronomers study the interactions of matter and energy. Sales engineers sell business products or services, such as software or support, that require technical expertise."
201,Mathematician or Statistician,104860.0,Mathematicians and statisticians analyze data and apply computational techniques to solve problems.  Decide what data are needed to answer specific questions or problems Colleges and universities. ,"Mathematicians and statisticians typically need at least a master’s degree in mathematics or statistics. However, some positions are available to those with a bachelor’s degree.   Analytical skills. ","The top employers of mathematicians and statisticians are the federal government and scientific research and development companies. Mathematicians and statisticians may work on teams with engineers, scientists, and other specialists.","mathematicians and statisticians.    Actuaries use mathematics, statistics, and financial theory to analyze the economic costs of risk and uncertainty. Computer systems analysts study an organization’s current computer systems and design ways to improve efficiency. Data scientists use analytical tools and techniques to extract meaningful insights from data. Financial analysts guide businesses and individuals in decisions about expending money to attain profit. Market research analysts study consumer preferences, business conditions, and other factors to assess potential sales of a product or service. Operations research analysts use mathematics and logic to help solve complex issues. Postsecondary teachers instruct students in a variety of academic subjects beyond the high school level. Survey researchers design and conduct surveys and analyze data. Economists conduct research, prepare reports, and evaluate issues related to monetary and fiscal policy. They also may collect and analyze statistical data. Computer programmers write, modify, and test code and scripts that allow computer software and applications to function properly. Physicists and astronomers study the interactions of matter and energy."
202,Mechanical Engineering Technologist or Technician,64020.0,"Mechanical engineering technologists and technicians help mechanical engineers design, develop, test, and manufacture tools, engines, machines, and other devices. They may make sketches and rough layouts, record and analyze data, and report their findings.  Evaluate specifications in design drawings prior to adding or replacing tools  ",Mechanical engineering technologists and technicians typically need an associate’s degree or other postsecondary training to enter the occupation.   Communication skills. ,Mechanical engineering technologists and technicians work primarily in factories or in research and development labs. Most work full time.,"mechanical engineering technologists and technicians.    Calibration technologists and technicians inspect, adjust, and test measurement devices against standards, such as those used in manufacturing, healthcare, and other industries. Drafters use software to convert the designs of engineers and architects into technical drawings. Industrial engineering technologists and technicians help engineers solve problems affecting manufacturing layout or production. Machinists and tool and die makers set up and operate equipment to produce precision metal parts, instruments, and tools. Mechanical engineers design, develop, build, and test mechanical and thermal sensors and devices."
203,Mechanical Engineer,99510.0,"Mechanical engineers research, design, develop, build, and test mechanical and thermal sensors and devices, including tools, engines, and machines.  Analyze problems to see how mechanical and thermal devices might help solve a particular problem Auto research engineers ",Mechanical engineers typically need a bachelor’s degree in mechanical engineering or mechanical engineering technology. Mechanical engineers who sell services publicly must be licensed in all states and the District of Columbia.  A degree from an ABET-accredited engineering program Creativity. ,"Mechanical engineers generally work in offices. They may occasionally visit worksites where a problem or piece of equipment needs their personal attention. Mechanical engineers work mostly in engineering services, research and development, and manufacturing.","mechanical engineers.    Drafters use software to convert the designs of engineers and architects into technical drawings. Materials engineers develop, process, and test materials used to create a wide range of products. Mathematicians and statisticians analyze data and apply computational techniques to solve problems. Mechanical engineering technologists and technicians help mechanical engineers design, develop, test, and manufacture machines and other devices. Natural sciences managers plan, supervise, or coordinate research and other activities in fields such as life sciences, physical sciences, mathematics, and statistics. Petroleum engineers devise methods to improve oil and gas extraction and production. Physicists and astronomers study the interactions of matter and energy. Sales engineers sell business products or services, such as software or support, that require technical expertise. Nuclear engineers research and develop projects or address problems concerning the release, control, and use of nuclear energy and nuclear waste disposal."
204,Medical or Health Services Manager,110680.0,"Medical and health services managers, also called healthcare executives or healthcare administrators, plan, direct, and coordinate medical and health services. They may manage an entire facility, a specific clinical area or department, or a medical practice for a group of physicians. Medical and health services managers must adapt to changes in healthcare laws, regulations, and technology.  Develop goals and objectives related to efficiency and quality of healthcare services healthcare executives ","Medical and health services managers typically need a bachelor’s degree to enter the occupation; however, educational requirements vary by facility and specific function. Prospective managers also typically need work experience in an administrative or clinical role in a hospital or other healthcare facility.   Analytical skills. ","Most medical and health services managers work in healthcare facilities, including hospitals and nursing homes, and group medical practices. Most work full time, and some work more than 40 hours per week.","medical and health services managers.    Administrative services and facilities managers plan, direct, and coordinate activities that help an organization run efficiently. Computer and information systems managers plan, coordinate, and direct computer-related activities in an organization. Financial managers create financial reports, direct investment activities, and develop plans for the long-term financial goals of their organization. Health information technologists and medical registrars advise organizations on computerized healthcare systems and analyze clinical data. Human resources managers plan, coordinate, and direct the administrative functions of an organization. Medical records specialists compile, process, and maintain patient files. Buyers and purchasing agents buy products and services for organizations. Purchasing managers oversee the work of buyers and purchasing agents. Registered nurses (RNs) provide and coordinate patient care and educate patients and the public about various health conditions. Social and community service managers coordinate and supervise programs and organizations that support public well-being. Top executives plan strategies and policies to ensure that an organization meets its goals."
205,Medical Assistant,42000.0,"Medical assistants complete administrative and clinical tasks, such as scheduling appointments and taking patients’ vital signs. Their duties vary by location, specialty, and employer.  Interview patients and record their medical history  ","Medical assistants typically need postsecondary education, such as a certificate. Some workers enter the occupation with a high school diploma and learn through on-the-job training.   Analytical skills. ","Most medical assistants work full time. They are employed in physicians’ offices, hospitals, outpatient clinics, and other healthcare facilities.","medical assistants.    Dental assistants provide patient care, take x rays, keep records, and schedule appointments. Dental hygienists examine patients for signs of oral diseases, such as gingivitis, and provide preventive care, including oral hygiene. Health information technologists and medical registrars advise organizations on computerized healthcare systems and analyze clinical data. Licensed practical nurses (LPNs) and licensed vocational nurses (LVNs) provide basic medical care. Medical records specialists compile, process, and maintain patient files. Nursing assistants provide basic care and help patients with activities of daily living. Orderlies transport patients and clean treatment areas. Occupational therapy assistants and aides help occupational therapists provide treatments and procedures to clients, or they do routine tasks such as preparing treatment rooms. Pharmacy technicians help pharmacists dispense prescription medication to customers or health professionals. Phlebotomists draw blood for tests, transfusions, research, or blood donations. Physical therapist assistants and aides are supervised by physical therapists to help patients regain movement and manage pain after injuries and illnesses. Psychiatric technicians and aides care for people who have mental conditions or developmental disabilities."
206,Medical Dosimetrist,132880.0,"Medical dosimetrists calculate doses of radiation and design and oversee treatment plans for patients with cancer and other serious diseases.  Review a patient’s documents, such as their CT and MRI scans  ","To enter the occupation, medical dosimetrists typically need a bachelor's degree and must complete an accredited medical dosimetry program. Employers usually require workers to have certification.   Communication skills.  ","Most medical dosimetrists work in healthcare settings, such as hospitals and physicians' offices. They may spend much of their time working at a computer.",medical dosimetrists.    Nuclear medicine technologists prepare and administer radioactive drugs for imaging or treatment. Physicians and surgeons diagnose and treat injuries or illnesses and address health maintenance. Physicists and astronomers study the interactions of matter and energy. Radiation therapists administer doses of radiation to patients who have cancer or other serious diseases. Radiologic technologists perform diagnostic imaging examinations on patients. MRI technologists operate magnetic resonance imaging (MRI) scanners to create diagnostic images. Registered nurses (RNs) provide and coordinate patient care and educate patients and the public about various health conditions.
207,Medical Equipment Repairer,60670.0,"Medical equipment repairers install, maintain, and repair patient care equipment.  Install medical equipment biomedical equipment technicians ","Employers generally prefer candidates who have an associate’s degree in biomedical technology or engineering. Depending on the area of specialization, repairers may need a bachelor’s degree, especially for advancement.   Communication skills ","Although medical equipment repairers usually work during the day, they are sometimes expected to be on call, including evenings and weekends. Because repairing vital medical equipment is urgent, the work is sometimes stressful. Those who work in a patient-caring environment are potentially exposed to germs, diseases, and other health risks.","medical equipment repairers.    Aircraft and avionics equipment mechanics and technicians install, test, adjust, and repair equipment and systems in aircraft. General maintenance and repair workers fix and maintain machines, mechanical equipment, and buildings. Industrial machinery mechanics, machinery maintenance workers, and millwrights install, maintain, and repair factory equipment and other industrial machinery. Clinical laboratory technologists and technicians perform medical laboratory tests for the diagnosis, treatment, and prevention of disease. Dental and ophthalmic laboratory technicians and medical appliance technicians make or repair dentures, eyeglasses, prosthetics, and related products."
208,Medical Records Specialist,48780.0,"Medical records specialists compile, process, and maintain patient files. They also may classify and enter patients’ medical information into the healthcare industry's numerical coding system.  Review patients’ records for timeliness, completeness, and accuracy Medical coders ","Medical records specialists typically need a postsecondary certificate to enter the occupation, although some qualify with a high school diploma. Others might need an associate’s degree. Certification may be required or preferred.   Analytical skills. ",Medical records specialists typically spend many hours at a computer. Most work full time.,"medical records specialists.    Health information technologists and medical registrars advise organizations on computerized healthcare systems and analyze clinical data. Information clerks perform routine clerical duties, maintain records, collect data, and provide information to customers.  Medical assistants complete administrative and clinical tasks, such as scheduling appointments and taking patients’ vital signs. Medical transcriptionists use electronic devices to convert voice recordings from physicians and other healthcare workers into formal reports. Pharmacy technicians help pharmacists dispense prescription medication to customers or health professionals."
209,Medical Scientist,100890.0,Medical scientists conduct research aimed at improving overall human health. They often use clinical trials and other investigative methods to reach their findings.  Design and conduct studies to investigate human diseases and methods to prevent and treat diseases Clinical pharmacologists ,"Medical scientists typically have a Ph.D., usually in biology or a related life science. Some get a medical degree instead of, or in addition to, a Ph.D.   Communication skills. ","Medical scientists typically work in offices and laboratories. Most work full time, and some work more than 40 hours per week.","medical scientists.    Agricultural and food scientists research ways to improve the efficiency and safety of agricultural establishments and products. Biochemists and biophysicists study the chemical and physical principles of living things and of biological processes. Epidemiologists are public health workers who investigate patterns and causes of disease and injury. Health education specialists develop programs to teach people about conditions affecting well-being. Clinical laboratory technologists and technicians perform medical laboratory tests for the diagnosis, treatment, and prevention of disease. Microbiologists study microorganisms such as bacteria, algae, and fungi. Physicians and surgeons diagnose and treat injuries or illnesses and address health maintenance. Postsecondary teachers instruct students in a variety of academic subjects beyond the high school level. Veterinarians care for the health of animals and work to protect public health. Biological technicians assist biological and medical scientists with tasks such as laboratory setup, data collection, and observation."
210,Medical Transcriptionist,37060.0,"Medical transcriptionists, sometimes referred to as healthcare documentation specialists, use electronic devices to convert voice recordings from physicians and other healthcare workers into formal reports. Transcriptionists also may edit medical records for accuracy and return documents for review and approval.  Listen to the recorded dictation of a physician or other healthcare worker healthcare documentation specialists ","Medical transcriptionists typically need postsecondary education that leads to a certificate. Prospective medical transcriptionists must know basic medical terminology, anatomy and physiology, and rules of grammar. Some choose to become certified.   Computer skills. ","Many medical transcriptionists work for hospitals, physicians' offices, and third-party transcription companies that provide services to healthcare establishments. Most are full time, but part-time work is common.","medical transcriptionists.    Court reporters create word-for-word transcriptions at trials, depositions, and other legal proceedings. Simultaneous captioners provide similar transcriptions for television or for presentations in other settings, such as press conferences and business meetings, for people who are deaf or hard of hearing. Health information technologists and medical registrars advise organizations on computerized healthcare systems and analyze clinical data. Information clerks perform routine clerical duties, maintain records, collect data, and provide information to customers. Interpreters and translators convert information from one language into another language. Medical assistants complete administrative and clinical tasks, such as scheduling appointments and taking patients’ vital signs. Medical records specialists compile, process, and maintain patient files. Receptionists do tasks such as answering phones, receiving visitors, and providing information about their organization to the public. Secretaries and administrative assistants do routine clerical and organizational tasks."
211,"Meeting, Convention, or Event Planner",56920.0,"Meeting, convention, and event planners arrange all aspects of events and professional gatherings. They arrange meeting locations, transportation, and other details.  Meet with clients to understand the purpose of the event Meeting planners ","Meeting, convention, and event planners typically need a bachelor’s degree. Some experience related to event planning may be helpful.   Communication skills. ","Meeting, convention, and event planners work in their offices and onsite at hotels or conference centers. They often travel to attend events and visit meeting sites. During meetings or conventions, planners may work many more hours than usual.","meeting, convention, and event planners.    Administrative services and facilities managers plan, direct, and coordinate activities that help an organization run efficiently. Floral designers arrange live, dried, and silk flowers and greenery to make decorative displays. Food service managers are responsible for the daily operation of restaurants or other establishments that prepare and serve food and beverages. Fundraisers organize activities to raise money and other kinds of donations for an organization. Lodging managers ensure that guests have a pleasant experience at an accommodations facility. They also plan, direct, or coordinate activities to ensure that the facility is efficient and profitable. Travel agents sell transportation, lodging, and entertainment activities to individuals and groups planning trips."
212,Metal or Plastic Machine Worker,44880.0,"Metal and plastic machine workers set up and operate equipment that cuts, shapes, and forms metal and plastic materials or pieces.  Set up and adjust machines according to blueprints Machine setters ",Metal and plastic workers typically need a high school diploma to enter the occupation and receive 1 year of on-the-job training. Computer numerically controlled (CNC) tool programmers typically need postsecondary education.   Computer skills. ,"Metal and plastic machine workers are employed mainly in factories. Workers must adhere to safety standards to protect themselves from workplace hazards. Most work full time, which for some includes evenings and weekends.","metal and plastic machine workers.    Assemblers and fabricators build finished products and the parts that go into them. Computer programmers write, modify, and test code and scripts that allow computer software and applications to function properly. Industrial machinery mechanics, machinery maintenance workers, and millwrights install, maintain, and repair factory equipment and other industrial machinery. Machinists and tool and die makers set up and operate equipment to produce precision metal parts, instruments, and tools. Painting and coating workers apply finishes, often using machines, to a range of products."
213,Microbiologist,85470.0,"Microbiologists study microorganisms such as bacteria, algae, and fungi. They investigate the growth, structure, and other characteristics of these organisms.  Plan and conduct research projects, such as improving sterilization procedures or developing drugs to combat infectious diseases Bacteriologists ",Microbiologists typically need a bachelor’s degree in microbiology or a related field to enter the occupation. Some employers prefer to hire candidates who have a master’s degree or Ph.D.   Communication skills. ,Microbiologists work in primarily in laboratories and offices. Most work full time.,"microbiologists.    Agricultural and food scientists research ways to improve the efficiency and safety of agricultural establishments and products. Biochemists and biophysicists study the chemical and physical principles of living things and of biological processes. Biological technicians assist biological and medical scientists with tasks such as laboratory setup, data collection, and observation. Conservation scientists and foresters manage the land quality of forests, parks, rangelands, and other natural resources. Environmental scientists and specialists conduct research or investigations to protect the environment or human health. Geoscientists study the physical aspects of the Earth. Clinical laboratory technologists and technicians perform medical laboratory tests for the diagnosis, treatment, and prevention of disease. Medical scientists conduct research aimed at improving overall human health. Natural sciences managers plan, supervise, or coordinate research and other activities in fields such as life sciences, physical sciences, mathematics, and statistics. Zoologists and wildlife biologists study animals, those both in captivity and in the wild, and how they interact with their ecosystems."
214,Middle School Teacher,64290.0,"Middle school teachers educate students, typically in sixth through eighth grade. Middle school teachers help students build on the fundamentals taught in elementary school and prepare students for high school.  Create lesson plans to teach students a subject English as a second language  ","Middle school teachers typically need a bachelor’s degree. In addition, public school teachers must have a state-issued certification or license.  A bachelor’s degree with a minimum grade point average Communication skills. ",Middle school teachers work in public and private schools. They generally work during school hours when students are present and use nights and weekends to prepare lessons and grade papers. Most do not work during the summer.,"middle school teachers.    Career and technical education teachers instruct students in various technical and vocational subjects, such as auto repair, healthcare, and culinary arts. Childcare workers attend to children's needs while helping to foster early development. Elementary, middle, and high school principals oversee all school operations, including daily school activities. High school teachers teach academic lessons and various skills that students will need to attend college and to enter the job market. Instructional coordinators oversee school curriculums and teaching standards. They develop instructional material, implement it, and assess its effectiveness. Librarians and library media specialists help people find information and conduct research for personal and professional use. Postsecondary teachers instruct students in a variety of academic subjects beyond the high school level. Preschool teachers educate and care for children younger than age 5 who have not yet entered kindergarten. School counselors help students develop academic and social skills. Career counselors and advisors help people choose a path to employment. Social workers help people prevent and cope with problems in their everyday lives. Special education teachers work with students who have a wide range of learning, mental, emotional, and physical disabilities. Teacher assistants work with a licensed teacher to give students additional attention and instruction. Kindergarten and elementary school teachers instruct young students in basic subjects in order to prepare them for future schooling."
215,Member of the Armed Forces,,"Members of the U.S. military service maintain the U.S. national defense. Although some service members work in occupations specific to the military, such as fighter pilots or infantrymen, many work in occupations that also exist in the civilian workplace, such as nurses, doctors, and lawyers. Members serve in the Army, Navy, Air Force, Space Force, Marine Corps, or Coast Guard, or in the Reserve components of these branches, and in the Air National Guard and Army National Guard. (The Coast Guard, which is included in this profile, is part of the Department of Homeland Security.)  Participate in, or support, military operations, such as combat or training operations, or humanitarian or disaster relief Enlisted personnel Occupational group Administrative Combat Specialty Construction Electronic and Electrical Equipment Repair Engineering, Science, and Technical Healthcare Human Resource Development Machine Operator and Production Media and Public Affairs Protective Service Support Service Transportation and Material Handling Vehicle and Machinery Mechanic Non-occupation or unspecified coded personnel Total enlisted personnel for each military branch and Coast Guard","To join the military, applicants must meet age, education, aptitude, physical, and character requirements. These requirements vary by branch of service and for officers and enlisted members.  Minimum of 17 years of age Leadership skills. ",,"The military employs people in numerous occupational specialties, many of which are similar to civilian occupations. To match military occupations with similar civilian occupations, O*Net OnLine offers the Military Crosswalk Search tool."
216,Mining or Geological Engineer,100640.0,Mining and geological engineers design mines to safely and efficiently remove minerals such as coal and metals for use in manufacturing and utilities.  Design open-pit and underground mines Geological engineers ,"Mining and geological engineers, including a mining safety engineers, typically need a bachelor’s degree in engineering to enter the occupation.  A degree from an ABET-accredited engineering program Analytical skills. ","Many mining and geological engineers work where mining operations are located, such as mineral mines or sand-and-gravel quarries, in remote areas or near cities and towns. Others work in offices or onsite for oil and gas extraction firms or engineering services firms.","mining and geological engineers.    Architectural and engineering managers plan, direct, and coordinate activities in the fields of architecture and engineering. Civil engineers plan, design, and supervise the construction and maintenance of building and infrastructure projects. Environmental scientists and specialists conduct research or investigations to protect the environment or human health. Geological and hydrologic technicians support scientists and engineers in exploring, extracting, and monitoring natural resources. Geoscientists study the physical aspects of the Earth. Hydrologists study water and how it moves across and through the Earth’s crust. Mechanical engineers design, develop, build, and test mechanical and thermal sensors and devices. Petroleum engineers devise methods to improve oil and gas extraction and production. Sales engineers sell business products or services, such as software or support, that require technical expertise. Health and safety engineers apply their knowledge of industrial processes, mechanics, psychology, and other disciplines to promote worksite or product safety."
217,Model,47430.0,"Models pose for artists, photographers, or customers to help advertise a variety of products, including clothing, cosmetics, food, and appliances. Models also work as a fit or fitting model, enabling the manufacturer or fashion designer to achieve the best fit for new styles.  Display clothing and merchandise in print and online advertisements  ","No formal education credential is required to become a model. Specific requirements depend on the client, with different jobs requiring different physical characteristics. However, most models must be within certain ranges for height, weight, and clothing size.   Discipline. ","Models work in a variety of conditions, from comfortable indoor studios and runway fashion shows to outdoors in all weather conditions. Most models work part time and have unpredictable work schedules. Many also experience periods of unemployment.","models.    Actors express ideas and portray characters in theater, film, television, and other performing arts media. Barbers, hairstylists, and cosmetologists provide haircutting, hairstyling, and other services related to personal appearance. Fashion designers create clothing, accessories, and footwear. Photographers use their technical expertise, creativity, and composition skills to produce and preserve images."
218,Music Director or Composer,62590.0,"Music directors, also called conductors, lead orchestras and other musical groups during performances and recording sessions. Composers write and arrange original music in a variety of musical styles.  Select musical arrangements and compositions to be performed for live audiences or recordings conductors ","Educational and training requirements for music directors and composers vary, although most positions require related work experience. A conductor for a symphony orchestra typically needs a master’s degree; a choir director may need a bachelor’s degree. There are no formal educational requirements for those interested in writing popular music.   Discipline. ","Most music directors work for religious organizations and schools, or are self-employed. Music directors may spend a lot of time traveling to different performances. Composers can work in offices, recording studios, or their own homes.","music directors and composers.    Actors express ideas and portray characters in theater, film, television, and other performing arts media. Dancers and choreographers use dance performances to express ideas and stories. High school teachers teach academic lessons and various skills that students will need to attend college and to enter the job market. Kindergarten and elementary school teachers instruct young students in basic subjects in order to prepare them for future schooling. Middle school teachers educate students, typically in sixth through eighth grades. Musicians and singers play instruments or sing for live audiences and in recording studios. Postsecondary teachers instruct students in a variety of academic subjects beyond the high school level. Producers and directors make business and creative decisions about film, television, stage, and other productions. Writers and authors develop written content for various types of media."
219,Musician or Singer,,"Musicians and singers play instruments or sing for live audiences and in recording studios. They perform a variety of genres, such as classical, jazz, and rock.  Perform music for live audiences and recordings  ","Musicians and singers typically do not need formal postsecondary education to enter the occupation. However, those pursuing careers in some genres, such as classical or opera, may choose to earn a bachelor’s or higher degree. Musicians and singers need extensive training and regular practice to acquire their skills.   Dedication. ","Musicians and singers often perform in settings such as concert halls, churches, and clubs. Part-time work is common, and work schedules may vary and include mornings, nights, or weekends.","musicians and singers.    Actors express ideas and portray characters in theater, film, television, and other performing arts media. Dancers and choreographers use dance performances to express ideas and stories. High school teachers teach academic lessons and various skills that students will need to attend college and to enter the job market. Kindergarten and elementary school teachers instruct young students in basic subjects in order to prepare them for future schooling. Middle school teachers educate students, typically in sixth through eighth grades. Music directors lead musical groups during performances and recording sessions. Composers write and arrange original music in a variety of musical styles. Postsecondary teachers instruct students in a variety of academic subjects beyond the high school level. Producers and directors make business and creative decisions about film, television, stage, and other productions."
220,Natural Sciences Manager,157740.0,"Natural sciences managers plan, supervise, or coordinate activities in fields such as life sciences, physical sciences, mathematics, and statistics. They direct work related to research and development and coordinate activities such as testing, quality control, and production.  Set goals and strategies for researchers and product developers  ",Natural sciences managers typically need at least a bachelor’s degree in a natural science or related field. Most work as scientists before becoming managers.   Communication skills. ,"Natural sciences managers work primarily in an office setting or in laboratories. Most work full time, and some work more than 40 hours per week.","natural sciences managers.    Agricultural and food scientists research ways to improve the efficiency and safety of agricultural establishments and products. Architectural and engineering managers plan, direct, and coordinate activities in the fields of architecture and engineering. Biochemists and biophysicists study the chemical and physical principles of living things and of biological processes. Chemists and materials scientists research and analyze the chemical properties of substances to develop new materials, products, or knowledge. Environmental scientists and specialists conduct research or investigations to protect the environment or human health. Geoscientists study the physical aspects of the Earth. Medical scientists conduct research aimed at improving overall human health. Microbiologists study microorganisms such as bacteria, algae, and fungi. Physicists and astronomers study the interactions of matter and energy. Postsecondary teachers instruct students in a variety of academic subjects beyond the high school level."
221,Network and Computer Systems Administrator,95360.0,"Network and computer systems administrators install, configure, and maintain organizations’ local area networks (LANs), wide area networks (WANs), data communication networks, operating systems, and servers.  Determine an organization’s network and system needs and install operating and application hardware and software  ","To enter the occupation, network and computer systems administrators typically need a bachelor’s degree in a field related to computer or information science. Others may require a postsecondary certificate or an associate’s degree.   Analytical skills. ","Network and computer systems administrators work for a variety of organizations, including computer systems design firms, schools, and financial institutions. Most work full time, and some work more than 40 hours per week. Administrators may work evenings, nights, and weekends to monitor, maintain, or update networks and systems.","network and computer systems administrators.    Computer and information systems managers plan, coordinate, and direct computer-related activities in an organization. Computer hardware engineers research, design, develop, and test computer systems and components. Computer network architects design and implement data communication networks, including local area networks (LANs), wide area networks (WANs), and intranets. Computer programmers write, modify, and test code and scripts that allow computer software and applications to function properly. Computer support specialists maintain computer networks and provide technical help to computer users. Computer systems analysts study an organization’s current computer systems and design ways to improve efficiency. Database administrators and architects create or organize systems to store and secure data. Information security analysts plan and carry out security measures to protect an organization’s computer networks and systems. Electrical engineers design, develop, test, and supervise the manufacture of electrical equipment. Software developers design computer applications or programs. Software quality assurance analysts and testers identify problems with applications or programs and report defects. Web developers create and maintain websites. Digital designers develop, create, and test website or interface layout, functions, and navigation for usability."
222,"News Analyst, Reporter, or Journalist",57500.0,"News analysts, reporters, and journalists keep the public updated about current events and noteworthy information. They report international, national, and local news for newspapers, magazines, websites, television, and radio.  Research topics that an editor or news director has assigned to them multimedia journalists ","News analysts, reporters, and journalists typically need a bachelor’s degree to enter the occupation. Internship or work experience on a college newspaper, radio station, or television station also may be helpful.   Communication skills. ","Most news analysts, reporters, and journalists work for newspaper, website, or magazine publishers or in television or radio broadcasting. Others are self-employed. Most work full time, and their schedules vary.","news analysts, reporters, and journalists.    Atmospheric scientists study, report on, and forecast the weather and climate. Broadcast, sound, and video technicians set up, operate, and maintain the electrical equipment for media programs. Editors plan, review, and revise content for publication. Film and video editors and camera operators manipulate moving images that entertain or inform an audience. Photographers use their technical expertise, creativity, and composition skills to produce and preserve images. Public relations managers direct the creation of materials that will enhance the public image of their employer or client. Fundraising managers coordinate campaigns that bring in donations for their organization. Public relations specialists create and maintain a positive public image for the clients they represent. Technical writers prepare instruction manuals, how-to guides, journal articles, and other supporting documents to communicate complex and technical information more easily. Writers and authors develop written content for various types of media."
223,Nuclear Engineer,125460.0,"Nuclear engineers research and develop projects or address problems concerning the release, control, and use of nuclear energy and nuclear waste disposal. Some of these engineers research new reactor designs. Others may specialize in the development of safety regulations related to the handling of nuclear materials or operation of nuclear power.  Design or develop nuclear equipment —such as reactor cores, nuclear batteries, and radiation shielding—and its associated instruments Defense. ",Nuclear engineers typically need at least bachelor’s degree in nuclear engineering or a related field of engineering.   Analytical skills. ,"Nuclear engineers typically work in office settings, but it may vary by employer. Most nuclear engineers work full time.","nuclear engineers.    Civil engineers plan, design, and supervise the construction and maintenance of building and infrastructure projects. Electrical and electronic engineering technologists and technicians help engineers design and develop equipment that is powered by electricity or electric current. Electrical engineers design, develop, test, and supervise the manufacture of electrical equipment. Health and safety engineers apply their knowledge of industrial processes, mechanics, psychology, and other disciplines to promote worksite or product safety. Mechanical engineers design, develop, build, and test mechanical and thermal sensors and devices. Physicists and astronomers study the interactions of matter and energy."
224,Nuclear Medicine Technologist,92500.0,"Nuclear medicine technologists prepare radioactive drugs and administer them to patients for imaging or treatment. They provide technical support to physicians or others who diagnose, care for, and treat patients and to researchers who investigate uses of radioactive drugs. They also may act as emergency responders in the event of a nuclear disaster.  Explain medical procedures to the patient and answer questions Nuclear cardiology technologists ","Nuclear medicine technologists typically need an associate’s degree from an accredited nuclear medicine technology program. Formal education programs in nuclear medicine technology or a related healthcare field lead to a certificate, an associate’s degree, or a bachelor’s degree. Most nuclear medicine technologists become certified, and some must be licensed.   Ability to use technology. ","Most nuclear medicine technologists work in hospitals. Some work in physicians’ offices, diagnostic laboratories, or imaging clinics. Most nuclear medicine technologists work full time.","nuclear medicine technologists.    Biological technicians assist biological and medical scientists with tasks such as laboratory setup, data collection, and observation. Diagnostic medical sonographers and cardiovascular technologists and technicians operate special equipment to create images or to conduct tests. Clinical laboratory technologists and technicians perform medical laboratory tests for the diagnosis, treatment, and prevention of disease. Medical dosimetrists calculate doses of radiation and design and oversee treatment plans for patients with cancer and other serious diseases. Nuclear technicians assist physicists, engineers, and other scientists in nuclear power generation and production activities, such as operating or maintaining nuclear testing equipment. Radiation therapists administer doses of radiation to patients who have cancer or other serious diseases. Radiologic technologists perform diagnostic imaging examinations on patients. MRI technologists operate magnetic resonance imaging (MRI) scanners to create diagnostic images."
225,Nuclear Technician,101740.0,"Nuclear technicians assist physicists, engineers, and other scientists in nuclear power generation and production activities. They may operate, maintain, or provide quality control for nuclear testing and research equipment and monitor radiation levels.  Monitor, test, and maintain equipment and systems used in nuclear power generation or laboratories  ","Nuclear technicians typically need an associate’s degree in either nuclear science or a nuclear-related technology. Some enter the occupation with a high school diploma or postsecondary nondegree award plus experience, such as from the military or an apprenticeship. Once hired, nuclear technicians typically receive extensive on-the-job training.   Attention to detail. ","Nuclear technicians typically work in nuclear power plants or in laboratories. Most work full-time. In power plants, their work schedules may vary to include nights, holidays, and weekends. Nuclear technicians must take precautions to avoid exposure to radiation.","nuclear technicians.    Chemical technicians conduct laboratory tests to help scientists analyze the properties of materials. Hazardous materials removal workers identify and dispose of harmful substances such as asbestos, lead, and radioactive waste. Mechanical engineering technologists and technicians help mechanical engineers design, develop, test, and manufacture machines and other devices. Nuclear engineers research and develop projects or address problems concerning the release, control, and use of nuclear energy and nuclear waste disposal. Nuclear medicine technologists prepare and administer radioactive drugs for imaging or treatment. Power plant operators, distributors, and dispatchers control the systems that generate and distribute electric power. Occupational health and safety specialists and technicians collect data on, analyze, and design improvements to work environments and procedures. Environmental science and protection technicians monitor the environment and investigate sources of pollution and contamination, including those affecting public health."
226,"Nurse Anesthetist, Nurse Midwife, or Nurse Practitioner",129480.0,"Nurse anesthetists, nurse midwives, and nurse practitioners, also referred to as advanced practice registered nurses (APRNs), coordinate patient care and may provide primary and specialty healthcare. The scope of practice varies from state to state.  Take and record patients' medical histories and symptoms advanced practice registered nurses ","Nurse anesthetists, nurse midwives, and nurse practitioners, also referred to as advanced practice registered nurses (APRNs), must have at least a master’s degree in their specialty role. APRNs also must be licensed registered nurses in their state, pass a national certification exam, and have a state APRN license.   advanced practice registered nurses (APRNs) ","Nurse anesthetists, nurse midwives, and nurse practitioners work in a variety of healthcare settings, including hospitals, physicians' offices, and clinics. Most advanced practice registered nurses (APRNs) work full time.","nurse anesthetists, nurse midwives, and nurse practitioners.    Audiologists diagnose, manage, and treat patients who have hearing, balance, or related problems. Occupational therapists evaluate and treat people who have injuries, illnesses, or disabilities to help them with vocational, daily living, and other skills that promote independence. Physical therapists help injured or ill people improve movement and manage pain. Physician assistants examine, diagnose, and treat patients under the supervision of a physician. Physicians and surgeons diagnose and treat injuries or illnesses and address health maintenance. Registered nurses (RNs) provide and coordinate patient care and educate patients and the public about various health conditions. Speech-language pathologists assess and treat people who have communication disorders."
227,Nursing Assistant or Orderly,38130.0,"Nursing assistants, sometimes called nursing aides, provide basic care and help patients with activities of daily living. Orderlies transport patients and clean treatment areas.  Clean and bathe patients nursing aides ",Nursing assistants typically must complete a state-approved education program and pass their state’s competency exam. Orderlies typically have at least a high school diploma or equivalent.   Communication skills. ,Most nursing assistants and orderlies work in nursing and residential care facilities and in hospitals. They are physically active and may need to help lift or move patients.,"nursing assistants and orderlies.    Home health and personal care aides monitor the condition of people with disabilities or chronic illnesses and help them with daily living activities. Licensed practical nurses (LPNs) and licensed vocational nurses (LVNs) provide basic medical care. Medical assistants complete administrative and clinical tasks, such as scheduling appointments and taking patients’ vital signs. Occupational therapy assistants and aides help occupational therapists provide treatments and procedures to clients, or they do routine tasks such as preparing treatment rooms. Psychiatric technicians and aides care for people who have mental conditions or developmental disabilities. Physical therapist assistants and aides are supervised by physical therapists to help patients regain movement and manage pain after injuries and illnesses. Registered nurses (RNs) provide and coordinate patient care and educate patients and the public about various health conditions. Dental assistants provide patient care, take x rays, keep records, and schedule appointments. Veterinary assistants and laboratory animal caretakers handle routine animal care and help scientists,veterinarians, and others with their daily tasks."
228,Occupational Health and Safety Specialist or Technician,77580.0,"Occupational health and safety specialists and technicians collect data on, analyze, and design improvements to many types of work environments and procedures. Specialists inspect workplaces and enforce adherence to regulations on safety, health, and the environment. Technicians work with specialists to implement and evaluate programs aimed at mitigating risks to workers, property, the environment, and the public.  Inspect, test, and evaluate workplace environments, programs, equipment, and practices to ensure that they follow government safety regulations  ","Occupational health and safety specialists typically need a bachelor’s degree in occupational health and safety or a related field. Technicians typically need at least a high school diploma to enter the occupation, and they receive training on the job. Some pursue professional certification.   Communication skills. ","Occupational health and safety specialists and technicians work in a variety of indoor or outdoor settings, such as offices and factories or construction sites. Their jobs may involve considerable travel and fieldwork. Most work full time, and some work more than 40 hours per week.","occupational health and safety specialists and technicians.    Construction and building inspectors ensure that construction meets building codes and ordinances, zoning regulations, and contract specifications. Environmental scientists and specialists conduct research or investigations to protect the environment or human health. Health and safety engineers apply their knowledge of industrial processes, mechanics, psychology, and other disciplines to promote worksite or product safety. Environmental science and protection technicians monitor the environment and investigate sources of pollution and contamination, including those affecting public health."
229,Occupational Therapist,96370.0,"Occupational therapists evaluate and treat people who have injuries, illnesses, or disabilities. They help clients meet goals to develop, recover, improve, and maintain skills needed for daily living and working.  Evaluate clients' conditions by reviewing their medical history, interviewing them, and observing them perform various tasks  ","To enter the occupation, occupational therapists typically need a master’s degree in occupational therapy. All states require occupational therapists to be licensed.   Adaptability. ","Occupational therapists work in a variety of settings, such as hospitals, schools, and outpatient clinics. They stand for long periods and may need to lift or move clients.","occupational therapists.    Occupational therapy assistants and aides help occupational therapists provide treatments and procedures to clients, or they do routine tasks such as preparing treatment rooms. Physical therapists help injured or ill people improve movement and manage pain. Recreational therapists plan, direct, and coordinate recreation-based medical treatment programs for people with disabilities, injuries, or illnesses. Speech-language pathologists assess and treat people who have communication disorders. Nurse anesthetists, nurse midwives, and nurse practitioners coordinate patient care and may provide primary and specialty healthcare. Orthotists and prosthetists measure, design, fit, and adapt medical devices, such as supportive braces and artificial limbs, for patients who have disabling conditions. Physician assistants examine, diagnose, and treat patients under the supervision of a physician."
230,Occupational Therapy Assistant or Aide,65450.0,"Occupational therapy assistants help occupational therapists provide treatments and procedures to clients. Occupational therapy aides do select or routine tasks, such as preparing treatment rooms, under the direction of occupational therapists or occupational therapy assistants.  Guide clients in therapeutic activities, such as exercises to improve motor skills and functional abilities  Occupational therapy assistants ",Occupational therapy assistants typically need an associate’s degree from an accredited occupational therapy assistant program. Occupational therapy assistants usually need a state-issued license. Occupational therapy aides typically need a high school diploma or equivalent and are trained on the job.   Adaptability. ,"Occupational therapy assistants and aides work primarily in occupational therapists’ offices, in hospitals, and in nursing care facilities. Occupational therapy assistants and aides spend much of their time standing while setting up equipment and, in the case of assistants, providing therapy to clients.","occupational therapy assistants and aides.    Dental assistants provide patient care, take x rays, keep records, and schedule appointments. Home health and personal care aides monitor the condition of people with disabilities or chronic illnesses and help them with daily living activities. Medical assistants complete administrative and clinical tasks, such as scheduling appointments and taking patients’ vital signs. Nursing assistants provide basic care and help patients with activities of daily living. Orderlies transport patients and clean treatment areas. Occupational therapists evaluate and treat people who have injuries, illnesses, or disabilities to help them with vocational, daily living, and other skills that promote independence. Pharmacy technicians help pharmacists dispense prescription medication to customers or health professionals. Physical therapist assistants and aides are supervised by physical therapists to help patients regain movement and manage pain after injuries and illnesses. Psychiatric technicians and aides care for people who have mental conditions or developmental disabilities."
231,Operations Research Analyst,83640.0,"Operations research analysts use mathematics and logic to help organizations make informed decisions and solve problems.  Identify problems in areas such as business, logistics, healthcare, or other fields  ","Operations research analysts typically need at least a bachelor’s degree to enter the occupation. Some employers require or prefer that applicants have a master’s degree. Analysts may need a degree in operations research or a related field, such as applied mathematics.   Analytical skills. ","Operations research analysts spend much of their time in office settings, although travel may be necessary to meet with clients. Most operations research analysts work full time.","operations research analysts.    Data scientists use analytical tools and techniques to extract meaningful insights from data. Economists conduct research, prepare reports, and evaluate issues related to monetary and fiscal policy. They also may collect and analyze statistical data. Industrial engineers design, develop, and test integrated systems for managing industrial production processes. Logisticians analyze and coordinate an organization’s supply chain. Management analysts recommend ways to improve an organization’s efficiency. Market research analysts study consumer preferences, business conditions, and other factors to assess potential sales of a product or service. Mathematicians and statisticians analyze data and apply computational techniques to solve problems. Software developers design computer applications or programs. Software quality assurance analysts and testers identify problems with applications or programs and report defects."
232,Optician,44170.0,Opticians fit customers for eyeglasses and contact lenses and help them select which frames and lenses to buy.  Receive customers’ prescriptions for eyeglasses or contact lenses  ,"Opticians typically need a high school diploma or the equivalent and receive on-the-job training. Some states require opticians to be licensed, which may include completing an associate’s degree or a certificate in ophthalmic dispensing or a related field.   Business skills. ","Opticians work in a variety of settings. Some work in offices of optometrists or ophthalmologists. Others work in stores that sell eyeglasses, contact lenses, visual aids, and other optical goods.","opticians.    Audiologists diagnose, manage, and treat patients who have hearing, balance, or related problems. Dental and ophthalmic laboratory technicians and medical appliance technicians make or repair dentures, eyeglasses, prosthetics, and related products. Jewelers and precious stone and metal workers design, construct, adjust, repair, appraise and sell jewelry and related products. Optometrists diagnose, manage, and treat conditions and diseases of the human eye and visual system, including examining eyes and prescribing corrective lenses. Orthotists and prosthetists measure, design, fit, and adapt medical devices, such as supportive braces and artificial limbs, for patients who have disabling conditions."
233,Optometrist,131860.0,"Optometrists diagnose, manage, and treat conditions and diseases of the human eye and visual system, including examining eyes and prescribing corrective lenses.  Perform vision tests and analyze results  ","Optometrists typically need a Doctor of Optometry (O.D.) degree. O.D. programs take 4 years to complete, and applicants typically have bachelor’s degree before entering a program. Every state requires optometrist to be licensed.   Decision-making skills. ","Most optometrists work in offices or in optical goods stores. Optometrists usually work full time, but part-time work is common. Schedules may vary to include evenings and weekends.","optometrists.    Chiropractors assess, treat, and care for patients by manipulating the spine and musculoskeletal system. Dentists diagnose and treat problems with patients’ teeth, gums, and related parts of the mouth. Opticians fit customers for eyeglasses and contact lenses and help them select which frames and lenses to buy. Physicians and surgeons diagnose and treat injuries or illnesses and address health maintenance. Podiatrists provide medical and surgical care for people with foot, ankle, and lower leg problems. Veterinarians care for the health of animals and work to protect public health. Audiologists diagnose, manage, and treat patients who have hearing, balance, or related problems. Dental and ophthalmic laboratory technicians and medical appliance technicians make or repair dentures, eyeglasses, prosthetics, and related products."
234,Orthotist and Prosthetist,78100.0,"Orthotists and prosthetists measure, design, fit, and adapt musculoskeletal devices for patients who have disabling conditions. These devices include artificial limbs and orthopedic braces.  Evaluate and interview patients to determine their needs  ",Orthotists and prosthetists typically need to complete a master's degree program and residency to enter the occupation. Some states require these workers to be licensed.   Compassion. ,Orthotists and prosthetists usually work in healthcare settings and in laboratories. Most work full time.,"orthotists and prosthetists.    Physical therapists help injured or ill people improve movement and manage pain. Physicians and surgeons diagnose and treat injuries or illnesses and address health maintenance. Respiratory therapists care for patients who have trouble breathing—for example, because of a chronic condition such as asthma. Dental and ophthalmic laboratory technicians and medical appliance technicians make or repair dentures, eyeglasses, prosthetics, and related products. Occupational therapists evaluate and treat people who have injuries, illnesses, or disabilities to help them with vocational, daily living, and other skills that promote independence."
235,Construction and Maintenance Painter,47700.0,"Painters apply paint, stain, and coatings to walls and ceilings, buildings, large machinery and equipment, and bridges and other structures.  Protect floors, furniture, and trim by covering surfaces with drop cloths and tarps and securing with tape Commercial painters ",Painters typically learn their trade on the job. No formal education is typically required to enter the occupation.   Ability to work at heights. ,"Painters work indoors and outdoors. Painting is physically demanding and requires a lot of bending, kneeling, reaching, and climbing. Those who paint bridges or buildings may work at extreme heights or in uncomfortable positions.","painters, construction and maintenance.    Carpenters construct, repair, and install building frameworks and structures made from wood and other materials. Construction laborers and helpers perform tasks, such as using, supplying, or holding materials or tools and cleaning work areas and equipment, on construction sites. Painting and coating workers apply finishes, often using machines, to a range of products. Drywall and ceiling tile installers hang wallboard and install ceiling tile inside buildings. Tapers prepare the wallboard for painting. Hazardous materials removal workers identify and dispose of harmful substances such as asbestos, lead, and radioactive waste. Flooring installers and tile and stone setters lay and finish carpet, wood, vinyl, tile, and other materials."
236,Painting and Coating Worker,45340.0,"Painting and coating workers apply finishes, often using machines, to products such as cars, jewelry, and ceramics.  Set up and operate machines that paint or coat products Coating, painting, and spraying machine setters, operators, and tenders ",Painting and coating workers typically need a high school diploma or equivalent to enter the occupation. New workers usually train on the job for several months to attain competency.   Artistic ability. ,Most painting and coating workers are employed full time. They frequently stand for long periods in specially ventilated areas.,"painting and coating workers.    Automotive body and glass repairers restore, refinish, and replace vehicle bodies and frames, windshields, and window glass. Painters apply paint, stain, and coatings to walls and ceilings, buildings, large machinery and equipment, and bridges and other structures. Metal and plastic machine workers set up and operate equipment that cuts, shapes, and forms metal and plastic materials or pieces."
237,Paralegal or Legal Assistant,60970.0,"Paralegals and legal assistants support lawyers by performing a variety of tasks, such as maintaining and organizing files, conducting legal research, and drafting documents.  Investigate and gather the facts of a case  ",Paralegals and legal assistants typically need an associate’s degree or certificate in paralegal studies to enter the occupation. Some employers prefer to hire candidates who have a bachelor’s degree; others may consider candidates who have a high school diploma and experience.   Communication skills. ,"Paralegals and legal assistants typically work in offices for a variety of employers, including law firms and government agencies. Most work full time.","paralegals and legal assistants.    Claims adjusters, appraisers, examiners, and investigators evaluate insurance claims. Lawyers advise and represent clients on legal proceedings or transactions. Secretaries and administrative assistants do routine clerical and organizational tasks. Arbitrators, mediators, and conciliators facilitate negotiation through dialogue to help resolve conflicts outside of the court system. Judges and hearing officers oversee legal matters in court or administrative proceedings."
238,Personal Financial Advisor,99580.0,"Personal financial advisors provide advice on investments, insurance, mortgages, estate planning, taxes, and retirement to help individuals manage their finances.  Meet with clients to discuss their financial goals  ",Personal financial advisors typically need a bachelor’s degree to enter the occupation. A master’s degree and certification may improve chances for advancement.   Analytical skills. ,"Most personal financial advisors work in the finance and insurance industry or are self-employed. They typically work full time, and some work more than 40 hours per week. They also may meet with clients in the evenings or on weekends.","personal financial advisors.    Budget analysts help public and private organizations plan their finances. Financial analysts guide businesses and individuals in decisions about expending money to attain profit. Financial managers create financial reports, direct investment activities, and develop plans for the long-term financial goals of their organization. Insurance sales agents contact potential customers and sell one or more types of insurance. Insurance underwriters evaluate insurance applications and decide whether to approve them. Real estate brokers and sales agents help clients buy, sell, and rent properties. Securities, commodities, and financial services sales agents connect buyers and sellers in financial markets."
239,Pest Control Worker,43470.0,"Pest control workers remove unwanted pests, such as roaches, rodents, ants, and termites, that infest buildings and surrounding areas.  Inspect buildings and premises for signs of pests or infestation Pest control technicians  ",Pest control workers typically need a high school diploma and receive on-the-job training. State laws require pest control workers to be licensed.   Bookkeeping skills ,"Pest control workers often kneel, bend, and crawl in tight spaces to inspect sites. Because there are health risks associated with pesticide use, workers are trained in pesticide safety and typically wear protective gear, which may include gloves, goggles, and respirators. Most pest control workers are employed full time. Working evenings and weekends is common.","pest control workers.    Construction laborers and helpers perform tasks, such as using, supplying, or holding materials or tools and cleaning work areas and equipment, on construction sites. Grounds maintenance workers install and maintain landscapes, prune trees or shrubs, and do other tasks to ensure that vegetation is attractive, orderly, and safe. Janitors and building cleaners keep many types of buildings clean, sanitary, orderly, and in good condition."
240,Petroleum Engineer,135690.0,Petroleum engineers devise methods to improve oil and gas extraction and production. They also oversee drilling and offer technical advice.  Design facilities to extract and produce oil and gas from reserves deep underground Completions engineers ,"Petroleum engineers typically need a bachelor’s degree in petroleum engineering or a related field, such as mechanical, civil, or chemical engineering. Employers also value practical experience, which students sometimes gain through internships.   Analytical skills. ","Petroleum engineers generally work in offices or at drilling and well sites. Travel may be required to visit these sites or to meet with other engineers, oilfield workers, and customers.","petroleum engineers.    Architectural and engineering managers plan, direct, and coordinate activities in the fields of architecture and engineering. Geoscientists study the physical aspects of the Earth. Industrial engineers design, develop, and test integrated systems for managing industrial production processes. Mechanical engineers design, develop, build, and test mechanical and thermal sensors and devices. Civil engineers plan, design, and supervise the construction and maintenance of building and infrastructure projects. Chemical engineers apply the principles of chemistry, physics, and engineering to design equipment and processes for manufacturing products such as gasoline, detergents, and paper. Mining and geological engineers design mines to safely and efficiently remove minerals for use in manufacturing and utilities. Geological and hydrologic technicians support scientists and engineers in exploring, extracting, and monitoring natural resources."
241,Pharmacist,136030.0,"Pharmacists dispense prescription medications and provide information to patients about the drugs and their use. They also advise physicians and other healthcare workers on the selection, dosage, interactions, and side effects of medications to treat health problems. They may help patients with their overall health through activities such as providing immunizations.  Fill prescriptions to the proper amount based on physicians’ instructions Community pharmacists ",Pharmacists typically need a Doctor of Pharmacy (Pharm.D.) degree from an accredited pharmacy program. Every state requires pharmacists to be licensed.   Analytical skills. ,"Pharmacists work in pharmacies, including those in drug, general merchandise, and grocery stores. They also work in hospitals and other healthcare facilities that are open 24 hours. Most pharmacists work full time, and some work nights, weekends, and holidays.",pharmacists.    Biochemists and biophysicists study the chemical and physical principles of living things and of biological processes. Medical scientists conduct research aimed at improving overall human health. Pharmacy technicians help pharmacists dispense prescription medication to customers or health professionals. Physicians and surgeons diagnose and treat injuries or illnesses and address health maintenance. Registered nurses (RNs) provide and coordinate patient care and educate patients and the public about various health conditions.
242,Pharmacy Technician,40300.0,Pharmacy technicians help pharmacists dispense prescription medication to customers or health professionals. They mainly work in retail pharmacies and hospitals.  Collect information needed to fill a prescription from customers or health professionals  ,"Pharmacy technicians usually need a high school diploma or equivalent and learn their duties through on-the-job training, or they may complete a postsecondary education program in pharmacy technology. Most states regulate pharmacy technicians, which is a process that may require passing an exam or completing a formal education or training program.  High school diploma or GED Customer-service skills. ","Pharmacy technicians work in pharmacies, including those found in drug, general merchandise, and grocery stores, and in hospitals. Most work full time, but many work part time.","pharmacy technicians.    Dental assistants provide patient care, take x rays, keep records, and schedule appointments. Medical assistants complete administrative and clinical tasks, such as scheduling appointments and taking patients’ vital signs. Medical records specialists compile, process, and maintain patient files. Medical transcriptionists use electronic devices to convert voice recordings from physicians and other healthcare workers into formal reports. Pharmacists dispense prescription medications and provide information to patients about the drugs and their use."
243,Phlebotomist,41810.0,"Phlebotomists draw blood for purposes such as tests, research, or donations. They help patients or donors who are anxious before or have an adverse reaction after the blood draw.  Draw blood from patients or blood donors  ","Phlebotomists typically enter the occupation with a certificate from a postsecondary phlebotomy program, but some qualify with a high school diploma and on-the-job training. Employers may prefer to hire candidates who have earned professional certification.   Communication skills.  ","Phlebotomists are employed in a variety of settings, including hospitals, medical and diagnostic laboratories, blood donor centers, and doctors’ offices.","phlebotomists.    Dental assistants provide patient care, take x rays, keep records, and schedule appointments. Clinical laboratory technologists and technicians perform medical laboratory tests for the diagnosis, treatment, and prevention of disease. Medical assistants complete administrative and clinical tasks, such as scheduling appointments and taking patients’ vital signs. Medical records specialists compile, process, and maintain patient files. Medical transcriptionists use electronic devices to convert voice recordings from physicians and other healthcare workers into formal reports. Veterinary assistants and laboratory animal caretakers handle routine animal care and help scientists,veterinarians, and others with their daily tasks. Veterinary technologists and technicians do medical tests that help diagnose animals’ injuries and illnesses."
244,Photographer,40760.0,"Photographers use their technical expertise, creativity, and composition skills to produce and preserve images that tell a story or record an event.  Market or advertise services to attract clients Aerial photographers ","Although portrait photographers are not required to have postsecondary education, many take classes because employers usually seek applicants with creativity and a ""good eye,"" as well as a good technical understanding of photography. Photojournalists and industrial and scientific photographers often need a bachelor’s degree.  Be at least 16 years old Artistic ability. ","Working conditions for photographers vary by specialty. Some photographers travel for photo shoots, working either indoors or outdoors. Others work in studios; still others work in laboratories and use microscopes to photograph subjects.","photographers.    Architects plan and design houses, factories, office buildings, and other structures. Art directors are responsible for the visual style and images in magazines, newspapers, product packaging, and movie and television productions. Craft and fine artists use a variety of materials and techniques to create art for sale and exhibition. Desktop publishers use computer software to design page layouts for items that are printed or published online. Fashion designers create clothing, accessories, and footwear. Film and video editors and camera operators manipulate moving images that entertain or inform an audience. Graphic designers create visual concepts, using computer software or by hand, to communicate ideas that inspire, inform, and captivate consumers. Industrial designers combine art, business, and engineering to develop the concepts for manufactured products. Models pose for artists, photographers, and other clients to help advertise products. News analysts, reporters, and journalists keep the public updated about current events and noteworthy information."
245,Physical Therapist Assistant or Aide,58740.0,"Physical therapist assistants, sometimes called PTAs, and physical therapist aides work under the direction and supervision of physical therapists. They help patients who are recovering from injuries and illnesses to regain movement and manage pain.  Observe patients before, during, and after therapy, noting the patient’s status and reporting it to a physical therapist PTAs ",Physical therapist assistants entering the occupation typically need an associate’s degree from an accredited program and a license or certification. Physical therapist aides usually need a high school diploma or equivalent and on-the-job training.   Compassion. ,Most physical therapist assistants and aides work in physical therapists’ offices or in hospitals. They are frequently on their feet as they set up equipment and help care for patients.,"physical therapist assistants and aides.    Medical assistants complete administrative and clinical tasks, such as scheduling appointments and taking patients’ vital signs. Nursing assistants provide basic care and help patients with activities of daily living. Orderlies transport patients and clean treatment areas. Occupational therapy assistants and aides help occupational therapists provide treatments and procedures to clients, or they do routine tasks such as preparing treatment rooms. Pharmacy technicians help pharmacists dispense prescription medication to customers or health professionals. Physical therapists help injured or ill people improve movement and manage pain. Psychiatric technicians and aides care for people who have mental conditions or developmental disabilities. Dental assistants provide patient care, take x rays, keep records, and schedule appointments."
246,Physical Therapist,99710.0,"Physical therapists help injured or ill people improve movement and manage pain. They are often an important part of preventive care, rehabilitation, and treatment for patients with chronic conditions, illnesses, or injuries.  Review patients’ medical history and referrals or notes from doctors, surgeons, or other healthcare workers PTs ",Physical therapists entering the occupation need a Doctor of Physical Therapy (DPT) degree. All states require physical therapists to be licensed.   Communication skills. ,"Physical therapists typically work in private offices and clinics, hospitals, patients’ homes, and nursing homes. They spend much of their time on their feet, actively working with patients.","physical therapists.    Audiologists diagnose, manage, and treat patients who have hearing, balance, or related problems. Chiropractors assess, treat, and care for patients by manipulating the spine and musculoskeletal system. Occupational therapists evaluate and treat people who have injuries, illnesses, or disabilities to help them with vocational, daily living, and other skills that promote independence. Physical therapist assistants and aides are supervised by physical therapists to help patients regain movement and manage pain after injuries and illnesses. Recreational therapists plan, direct, and coordinate recreation-based medical treatment programs for people with disabilities, injuries, or illnesses. Speech-language pathologists assess and treat people who have communication disorders. Athletic trainers specialize in preventing, diagnosing, and treating muscle and bone injuries and illnesses. Exercise physiologists develop fitness and exercise programs to help people improve their health. Nurse anesthetists, nurse midwives, and nurse practitioners coordinate patient care and may provide primary and specialty healthcare. Physician assistants examine, diagnose, and treat patients under the supervision of a physician. Orthotists and prosthetists measure, design, fit, and adapt medical devices, such as supportive braces and artificial limbs, for patients who have disabling conditions."
247,Physician Assistant,130020.0,"Physician assistants, also known as PAs, examine, diagnose, and treat patients under the supervision of a physician.  Obtain and review patients’ medical histories PAs ",Physician assistants typically need a master’s degree from an accredited educational program. Applicants to these programs typically have a bachelor's degree and experience caring directly for patients. All states require physician assistants to be licensed.   Communication skills. ,"Physician assistants work in physicians’ offices, hospitals, outpatient clinics, and other healthcare settings. Most work full time.","physician assistants.    Emergency medical technicians (EMTs) and paramedics assess injuries and illnesses, provide emergency medical care, and may transport patients to medical facilities. Nurse anesthetists, nurse midwives, and nurse practitioners coordinate patient care and may provide primary and specialty healthcare. Occupational therapists evaluate and treat people who have injuries, illnesses, or disabilities to help them with vocational, daily living, and other skills that promote independence. Physical therapists help injured or ill people improve movement and manage pain. Physicians and surgeons diagnose and treat injuries or illnesses and address health maintenance. Registered nurses (RNs) provide and coordinate patient care and educate patients and the public about various health conditions. Speech-language pathologists assess and treat people who have communication disorders."
248,Physician or Surgeon,,"Physicians and surgeons diagnose and treat injuries or illnesses and address health maintenance. Physicians examine patients; take medical histories; prescribe medications; and order, perform, and interpret diagnostic tests. They often counsel patients on diet, hygiene, and preventive healthcare. Surgeons operate on patients to treat injuries, such as broken bones; diseases, such as cancerous tumors; and deformities, such as cleft palates.  Take a patient’s medical history and perform a physical exam Anesthesiologists ","Physicians and surgeons typically need a bachelor’s degree as well as a degree from a medical school, which takes an additional 4 years to complete. Depending on their specialty, they also need 3 to 9 years in internship and residency programs. Subspecialization includes additional training in a fellowship of 1 to 3 years.   Communication skills. ","Physicians and surgeons work in both clinical and nonclinical settings. Clinical settings include physicians' offices and hospitals; nonclinical settings include government agencies, nonprofit organizations, and insurance companies.","physicians and surgeons.    Chiropractors assess, treat, and care for patients by manipulating the spine and musculoskeletal system. Dentists diagnose and treat problems with patients’ teeth, gums, and related parts of the mouth. Nurse anesthetists, nurse midwives, and nurse practitioners coordinate patient care and may provide primary and specialty healthcare. Optometrists diagnose, manage, and treat conditions and diseases of the human eye and visual system, including examining eyes and prescribing corrective lenses. Physician assistants examine, diagnose, and treat patients under the supervision of a physician. Podiatrists provide medical and surgical care for people with foot, ankle, and lower leg problems. Registered nurses (RNs) provide and coordinate patient care and educate patients and the public about various health conditions. Veterinarians care for the health of animals and work to protect public health."
249,Physicist or Astronomer,149530.0,"Physicists and astronomers study the interactions of matter and energy. Theoretical physicists and astronomers may study the nature of time or the origin of the universe. Some physicists design and perform experiments with sophisticated equipment such as particle accelerators, electron microscopes, and lasers.  Develop scientific theories and models to explain the properties of the natural world, such as the force of gravity or the formation of subatomic particles Experimental physicists ","Physicists and astronomers typically need a Ph.D. for jobs in research and academia. However, physicist jobs in the federal government typically require a bachelor’s degree in physics.   Analytical skills. ","Physicists and astronomers may work in offices, research laboratories, and observatories. Most physicists and astronomers work full time, and some work more than 40 hours per week.","physicists and astronomers.    Biochemists and biophysicists study the chemical and physical principles of living things and of biological processes. Chemists and materials scientists research and analyze the chemical properties of substances to develop new materials, products, or knowledge. Computer and information research scientists design innovative uses for new and existing computing technology. Computer hardware engineers research, design, develop, and test computer systems and components. Electrical engineers design, develop, test, and supervise the manufacture of electrical equipment. Geoscientists study the physical aspects of the Earth. Materials engineers develop, process, and test materials used to create a wide range of products. Mathematicians and statisticians analyze data and apply computational techniques to solve problems. Medical dosimetrists calculate doses of radiation and design and oversee treatment plans for patients with cancer and other serious diseases. Nuclear engineers research and develop projects or address problems concerning the release, control, and use of nuclear energy and nuclear waste disposal. Postsecondary teachers instruct students in a variety of academic subjects beyond the high school level."
250,"Plumber, Pipefitter, or Steamfitter",61550.0,"Plumbers, pipefitters, and steamfitters install and repair piping fixtures and systems.  Prepare cost estimates for clients Plumbers ","Most plumbers, pipefitters, and steamfitters learn on the job through an apprenticeship. Some also attend vocational-technical school. Most states and some localities require plumbers to be licensed.   Communication skills. ","Plumbers, pipefitters, and steamfitters work in factories, homes, businesses, and other places where there are pipes and related systems. Plumbers are often on call for emergencies, so evening and weekend work is common.","plumbers, pipefitters, and steamfitters.    Boilermakers assemble, install, maintain, and repair boilers, closed vats, and other large vessels or containers that hold liquids and gases. Construction and building inspectors ensure that construction meets building codes and ordinances, zoning regulations, and contract specifications. Construction laborers and helpers perform tasks, such as using, supplying, or holding materials or tools and cleaning work areas and equipment, on construction sites. Construction managers plan, coordinate, budget, and supervise construction projects from start to finish. Electricians install, maintain, and repair electrical power, communications, lighting, and control systems. General maintenance and repair workers fix and maintain machines, mechanical equipment, and buildings. Heating, air conditioning, and refrigeration mechanics and installers work on heating, ventilation, cooling, and refrigeration systems. Industrial machinery mechanics, machinery maintenance workers, and millwrights install, maintain, and repair factory equipment and other industrial machinery. Water transportation workers operate and maintain vessels that take cargo and people over water. Welders, cutters, solderers, and brazers use hand-held or remotely controlled equipment to join, repair, or cut metal parts and products."
251,Podiatrist,141650.0,"Podiatrists diagnose illnesses, treat injuries, and perform surgery for people with foot, ankle, and lower leg problems.  Diagnose and assess patients’ conditions by reviewing medical histories, performing physical exams, and reviewing x rays and medical laboratory tests.  ",Podiatrists must earn a Doctor of Podiatric Medicine (DPM) degree and complete a 3-year residency program. Every state requires podiatrists to be licensed.   Communication skills.  ,"Podiatrists usually work in offices of podiatry, other medical offices, or hospitals. Most work full time, and some need to be on call for emergencies.","podiatrists.    Chiropractors assess, treat, and care for patients by manipulating the spine and musculoskeletal system. Occupational therapists evaluate and treat people who have injuries, illnesses, or disabilities to help them with vocational, daily living, and other skills that promote independence. Optometrists diagnose, manage, and treat conditions and diseases of the human eye and visual system, including examining eyes and prescribing corrective lenses. Orthotists and prosthetists measure, design, fit, and adapt medical devices, such as supportive braces and artificial limbs, for patients who have disabling conditions. Physical therapists help injured or ill people improve movement and manage pain. Physicians and surgeons diagnose and treat injuries or illnesses and address health maintenance. Dentists diagnose and treat problems with patients’ teeth, gums, and related parts of the mouth."
252,Police Officer or Detective,74910.0,"Police officers protect lives and property. Detectives and criminal investigators, who are sometimes called agents or special agents, gather facts and collect evidence of crimes.  Respond to emergency and nonemergency calls agents ","The education typically required to enter the occupation ranges from a high school diploma to a college degree. Most police and detectives must graduate from their agency’s training academy before completing a period of on-the-job training. Other requirements vary, but candidates usually must be at least 21 years old and able to meet rigorous physical and personal qualifications. A felony conviction or drug use may disqualify a candidate.   Communication skills. ","Police and detective work can be physically demanding, stressful, and dangerous. Police and sheriff's patrol officers and transit and railroad police have some of the highest rates of injuries and illnesses of all occupations. Working around the clock in shifts is common.","police and detectives.    Correctional officers guard people in penal institutions and guard those in transit between jail, courtroom, prison, or other point. Bailiffs are law enforcement officers who maintain order in courtrooms. Emergency medical technicians (EMTs) and paramedics assess injuries and illnesses, provide emergency medical care, and may transport patients to medical facilities. Firefighters control and put out fires and respond to emergencies involving life, property, or the environment. Private detectives and investigators gather, analyze, and report information to clients regarding legal or personal matters. Probation officers and correctional treatment specialists assist in rehabilitating law offenders in custody or on probation or parole. Security guards and gambling surveillance officers protect property from illegal activity. Emergency management directors prepare plans and procedures for responding to natural disasters or other emergencies. They also help lead the response during and after emergencies. Forensic science technicians aid criminal investigations by collecting and analyzing evidence. Fire inspectors detect fire hazards, recommend prevention measures, ensure compliance with state and local fire regulations, and investigate causes of fires."
253,Political Scientist,132350.0,"Political scientists study the origin, development, and operation of political systems. They may research topics such as public opinion, political decision-making, and ideology. They also may analyze the structure of governments and political entities.  Research political subjects, such as the U.S. political system and foreign relations  ","To enter the occupation, political scientists typically need a master’s degree in political science, public administration, or a related field. However, some employers consider candidates who have a bachelor’s degree; others may prefer a Ph.D.   Adaptability.  ",Most political scientists work full time in an office setting. They sometimes work additional hours.,"political scientists.    Anthropologists and archeologists study the origin, development, and behavior of humans. Economists conduct research, prepare reports, and evaluate issues related to monetary and fiscal policy. They also may collect and analyze statistical data. Market research analysts study consumer preferences, business conditions, and other factors to assess potential sales of a product or service. Postsecondary teachers instruct students in a variety of academic subjects beyond the high school level. Sociologists study society and social behavior by examining the groups, cultures, social institutions, and processes that develop when people interact and work together. Survey researchers design and conduct surveys and analyze data. Urban and regional planners develop comprehensive plans and programs for use of land and physical facilities in cities, counties, metropolitan areas, and other jurisdictions. Geographers study the Earth and the distribution of its land, features, and inhabitants. Historians research, analyze, interpret, and write about the past by studying historical documents and sources."
254,Postal Service Worker,56510.0,"Postal service workers sell postage and related products and collect, sort, and deliver mail.  Collect letters and parcels Postal service clerks ","To enter these occupations, postal service workers typically need no formal educational credential. However, job candidates must pass a written exam as part of the application process. The exam covers four areas: address cross comparison, forms completion, memory and coding, and personal characteristics and experience. For more information, contact the post office or mail processing center where you want to work.   Customer-service skills ","Postal service clerks and mail sorters, processors, and processing machine operators work indoors, typically in a post office. Mail carriers mostly work outdoors, delivering mail.","postal service workers.    Customer service representatives interact with customers to handle complaints, process orders, and answer questions. Delivery truck drivers and driver/sales workers pick up, transport, and drop off packages and small shipments within a local region or urban area. Hand laborers and material movers manually move freight, stock, or other materials. Information clerks perform routine clerical duties, maintain records, collect data, and provide information to customers. Material recording clerks track product information in order to keep businesses and supply chains on schedule. Metal and plastic machine workers set up and operate equipment that cuts, shapes, and forms metal and plastic materials or pieces. Receptionists do tasks such as answering phones, receiving visitors, and providing information about their organization to the public. Retail sales workers sell merchandise, spare and replacement parts, and equipment to customers. Taxi drivers (including ride-hailing drivers), shuttle drivers, and chauffeurs transport people to and from the places they need to go. Tellers process routine transactions, such as cashing checks and depositing money, at a bank or credit union."
255,Postsecondary Education Administrator,102610.0,"Postsecondary education administrators oversee student services, academics, and faculty research at colleges and universities. Their job duties vary depending on the department in which they work, such as admissions, student affairs, or the registrar’s office.  Determine how many students to admit to the school admissions ","Postsecondary education administrators typically need a master’s degree. However, there will be some opportunities for those with a bachelor’s degree. Employers typically prefer candidates who have experience working in a postsecondary academic administrative office, particularly for occupations such as registrars and academic deans.   Computer skills. ",Postsecondary education administrators work for public and private schools. Most work full time.,"postsecondary education administrators.    Administrative services and facilities managers plan, direct, and coordinate activities that help an organization run efficiently. Human resources managers plan, coordinate, and direct the administrative functions of an organization. Postsecondary teachers instruct students in a variety of academic subjects beyond the high school level. Public relations managers direct the creation of materials that will enhance the public image of their employer or client. Fundraising managers coordinate campaigns that bring in donations for their organization. Public relations specialists create and maintain a positive public image for the clients they represent. School counselors help students develop academic and social skills. Career counselors and advisors help people choose a path to employment. Top executives plan strategies and policies to ensure that an organization meets its goals. Training and development managers plan, coordinate, and direct skills- and knowledge-enhancement programs for an organization’s staff. Elementary, middle, and high school principals oversee all school operations, including daily school activities."
256,Postsecondary Teacher,84380.0,Postsecondary teachers instruct students in a variety of academic subjects beyond the high school level. They may also conduct research and publish scholarly papers and books.  Develop an instructional plan (known as a course outline or syllabus) for the course(s) they teach and ensure that it meets college and department standards professors ,"Educational requirements vary with the subject taught and the type of educational institution. Typically, postsecondary teachers must have a Ph.D. or other doctoral degree in their field. However, a master's degree may be enough for some postsecondary teachers at community colleges. Other postsecondary teachers may need work experience in their field of expertise.   Critical-thinking skills. ","Most postsecondary teachers work in public and private colleges and universities, professional schools, and junior or community colleges. Most work full time, although part-time work is common.","postsecondary teachers.    Career and technical education teachers instruct students in various technical and vocational subjects, such as auto repair, healthcare, and culinary arts. Elementary, middle, and high school principals oversee all school operations, including daily school activities. Instructional coordinators oversee school curriculums and teaching standards. They develop instructional material, implement it, and assess its effectiveness. Postsecondary education administrators oversee student services, academics, and faculty research at colleges and universities."
257,"Power Plant Operator, Distributor, or Dispatcher",100890.0,"Power plant operators, distributors, and dispatchers control the systems that generate and distribute electric power.  Control power-generating, distribution, or transmission equipment Nuclear power reactor operators ","Power plant operators, distributors, and dispatchers typically need at least a high school diploma or the equivalent to enter the occupation. Employers may prefer to hire candidates who have experience. Once hired, power plant operators, distributors, and dispatchers typically receive extensive on-the-job training.   Communication skills.  ","Most power plant operators, distributors, and dispatchers work full time, and some work more than 40 hours per week. They typically work rotating 8- or 12-hour shifts.","power plant operators, distributors, and dispatchers.    Water and wastewater treatment plant and system operators manage a system of machines to transfer or treat water or wastewater. Stationary engineers and boiler operators control stationary engines, boilers, or other mechanical equipment. Construction equipment operators drive, maneuver, or control the heavy machinery used to construct roads, buildings, and other structures. Electricians install, maintain, and repair electrical power, communications, lighting, and control systems. Electrical and electronics installers and repairers install or repair a variety of electrical equipment. Electrical power-line installers and repairers install or repair cables or wires used in electrical power or distribution systems. Hazardous materials removal workers identify and dispose of harmful substances such as asbestos, lead, and radioactive waste. Nuclear technicians assist physicists, engineers, and other scientists in nuclear power generation and production activities, such as operating or maintaining nuclear testing equipment."
258,Preschool or Childcare Center Director,54290.0,"Preschool and childcare center directors supervise and lead staffs, design program plans, oversee daily activities, and prepare budgets. They are responsible for all aspects of their center’s program, which may include before- and after-school care.  Supervise preschool teachers and childcare workers  ","A bachelor’s degree and experience in early childhood education are typically required to become a preschool or childcare center director. However, educational requirements vary. Additionally, some employers require these directors to have a nationally recognized credential, such as the Child Development Associate (CDA) credential.   Business skills. ","Preschool and childcare center directors work primarily in child daycare services. Most work full time, and some work more than 40 hours per week.","preschool and childcare center directors.    Childcare workers attend to children's needs while helping to foster early development. High school teachers teach academic lessons and various skills that students will need to attend college and to enter the job market. Kindergarten and elementary school teachers instruct young students in basic subjects in order to prepare them for future schooling. Middle school teachers educate students, typically in sixth through eighth grades. Preschool teachers educate and care for children younger than age 5 who have not yet entered kindergarten. Special education teachers work with students who have a wide range of learning, mental, emotional, and physical disabilities. Teacher assistants work with a licensed teacher to give students additional attention and instruction. Elementary, middle, and high school principals oversee all school operations, including daily school activities."
259,Preschool Teacher,37130.0,"Preschool teachers educate and care for children younger than age 5 who have not yet entered kindergarten. They teach language, motor, and social skills to young children.  Teach children basic skills such as identifying colors, shapes, numbers, and letters  ",Education and training requirements vary based on settings and state regulations. Preschool teachers typically need at least an associate’s degree.   Communication skills. ,"Preschool teachers typically work in public and private schools or childcare centers. Many work the traditional 10-month school year, but some work year-round.","preschool teachers.    Childcare workers attend to children's needs while helping to foster early development. High school teachers teach academic lessons and various skills that students will need to attend college and to enter the job market. Kindergarten and elementary school teachers instruct young students in basic subjects in order to prepare them for future schooling. Middle school teachers educate students, typically in sixth through eighth grades. Preschool and childcare center directors supervise and lead their staffs, design program plans, oversee daily activities, and prepare budgets. Special education teachers work with students who have a wide range of learning, mental, emotional, and physical disabilities. Teacher assistants work with a licensed teacher to give students additional attention and instruction."
260,Private Detective or Investigator,49540.0,"Private detectives and investigators gather, analyze, and report information to clients regarding legal or personal matters. Their services include verifying people’s backgrounds, finding missing persons, and investigating crimes.  Interview people to gather information Skip tracers ",Private detectives and investigators typically need at least a high school diploma or the equivalent and several years of work experience in a related occupation. Some employers prefer to hire candidates who have a college degree. Most states require private detectives and investigators to be licensed.   Attention to detail.  ,"Private detectives’ and investigators’ work settings may depend on their assignment or case. For example, they may spend time in offices to research cases, or they may work in the field while doing surveillance. Most work full time, and schedules may vary to include early mornings, nights, and weekends.","private detectives and investigators.    Accountants and auditors prepare and examine financial records. Bill and account collectors try to recover payment on overdue bills. Claims adjusters, appraisers, examiners, and investigators evaluate insurance claims. Financial examiners ensure compliance with laws that govern institutions handling monetary transactions. Security guards and gambling surveillance officers protect property from illegal activity. Paralegals and legal assistants supportlawyersby performing a variety of tasks, such as maintaining and organizing files, conducting legal research, and drafting documents. Fire inspectors detect fire hazards, recommend prevention measures, ensure compliance with state and local fire regulations, and investigate causes of fires. Police officers protect lives and property. Detectives and criminal investigators gather facts and collect evidence of possible crimes. Forensic science technicians aid criminal investigations by collecting and analyzing evidence."
261,Probation Officer or Correctional Treatment Specialist,61800.0,"Probation officers and correctional treatment specialists assist in rehabilitating law offenders in custody or on probation or parole.  Interview probationers and parolees, their friends, and their relatives in an office or at a residence to assess progress Probation officers ","Probation officers and correctional treatment specialists typically need a bachelor’s degree. In addition, candidates may be required to pass competency exams, drug testing, and a criminal background check.   Communication skills. ",Most probation officers and correctional treatment specialists work full time. Their jobs may involve traveling to meet with probationers and parolees. Working in high-crime areas or in institutions may be stressful and dangerous.,"probation officers and correctional treatment specialists.    Correctional officers guard people in penal institutions and guard those in transit between jail, courtroom, prison, or other point. Bailiffs are law enforcement officers who maintain order in courtrooms. Police officers protect lives and property. Detectives and criminal investigators gather facts and collect evidence of possible crimes. Social and human service assistants provide client services in a variety of fields, such as psychology, rehabilitation, and social work. Social workers help people prevent and cope with problems in their everyday lives. Substance abuse, behavioral disorder, and mental health counselors advise people on a range of issues, such as those relating to alcoholism, addictions, or depression."
262,Producer or Director,82510.0,"Producers and directors make business and creative decisions about, film, television, stage, and other productions. They interpret a writer’s script to entertain, inform, or instruct an audience.  Select scripts or topics for a film, television, video, stage, or radio production Producers ","Producers and directors typically have a bachelor’s degree. They also typically need several years of experience working on set in film, TV, stage, or other productions in positions such as actors, cinematographers, or film and video editors or in related occupations, such as theater managers.   Communication skills. ","Producers and directors are often under pressure to finish their work on time. Most producers and directors work full time, and some work more than 40 hours per week. Their schedules may vary.","producers and directors.    Actors express ideas and portray characters in theater, film, television, and other performing arts media. Art directors are responsible for the visual style and images in magazines, newspapers, product packaging, and movie and television productions. Dancers and choreographers use dance performances to express ideas and stories. Film and video editors and camera operators manipulate moving images that entertain or inform an audience. Special effects artists and animators create images that appear to move and visual effects for various forms of media and entertainment. Top executives plan strategies and policies to ensure that an organization meets its goals. Writers and authors develop written content for various types of media."
263,Project Management Specialist,98580.0,"Project management specialists coordinate the budget, schedule, and other details of a project. They lead and guide the work of technical staff. Project management specialists also may serve as a point of contact for the client or customer.  Communicate with clients to determine project requirements and objectives  ","Project management specialists typically need a bachelor’s degree that may be in a variety of fields, including business or project management. Although not always required, certification may be beneficial.   Analytical skills. ","Project management specialists usually work in an office setting, but they occasionally travel to visit clients. Most work full time, and some work more than 40 hours per week.","project management specialists.    Cost estimators collect and analyze data in order to assess the time, money, materials, and labor required to make a product or provide a service. Logisticians analyze and coordinate an organization’s supply chain. Management analysts recommend ways to improve an organization’s efficiency. Market research analysts study consumer preferences, business conditions, and other factors to assess potential sales of a product or service. Mathematicians and statisticians analyze data and apply computational techniques to solve problems. Operations research analysts use mathematics and logic to help solve complex issues. Survey researchers design and conduct surveys and analyze data."
264,"Property, Real Estate, or Community Association Manager",62850.0,"Property, real estate, and community association managers oversee many aspects of residential, commercial, or industrial properties. They ensure that the property is well maintained, has a nice appearance, operates smoothly, and preserves its resale value.  Meet with prospective tenants or owners and show them properties Property and real estate managers ","Property, real estate, and community association managers typically need a high school diploma combined with several years of related work experience for entry-level positions. Some managers also must have a state-issued license.   Communication skills ","Most property, real estate, and community association managers work full time. They usually work in an office setting but may spend part of their workday on tasks away from the office, such as showing apartments, inspecting the grounds, or meeting with owners.","property, real estate, and community association managers.    Administrative services and facilities managers plan, direct, and coordinate activities that help an organization run efficiently. Food service managers are responsible for the daily operation of restaurants or other establishments that prepare and serve food and beverages. Lodging managers ensure that guests have a pleasant experience at an accommodations facility. They also plan, direct, or coordinate activities to ensure that the facility is efficient and profitable. Real estate brokers and sales agents help clients buy, sell, and rent properties."
265,Property Appraiser or Assessor,61630.0,"Property appraisers and assessors provide a value estimate on real estate and tangible personal and business property.  Verify descriptions of property, such as by consulting public records Appraisers of personal and business property  ","The requirements to become a fully qualified property appraiser or assessor are complex and vary by state and, sometimes, by the value or type of property. These workers typically need a bachelor’s degree, although some qualify with a high school diploma. Appraisers of real estate also must meet state licensure or certification requirements. Check with your state's licensing board for specific requirements.   Analytical skills ","Although property appraisers and assessors work in offices, they may spend a large part of their time conducting site visits. Most work full time, and some work more than 40 hours per week.","property appraisers and assessors.    Claims adjusters, appraisers, examiners, and investigators evaluate insurance claims. Construction and building inspectors ensure that construction meets building codes and ordinances, zoning regulations, and contract specifications. Real estate brokers and sales agents help clients buy, sell, and rent properties."
266,Psychiatric Technician or Aide,39610.0,"Psychiatric technicians and aides care for people who have mental or emotional conditions or developmental disabilities. Technicians typically monitor patients’ conditions and provide therapeutic care, such as overseeing their medications. Aides help patients in their daily activities and ensure a safe and clean environment.  Listen to patients' concerns, observe their behavior, and record their condition  ","To enter the occupation, psychiatric technicians typically need a postsecondary certificate, and aides need at least a high school diploma or equivalent. Some states require technicians to be licensed. Both technicians and aides get on-the-job training.   Compassion. ","Psychiatric technicians and aides work primarily in healthcare settings, such as psychiatric hospitals and residential mental health facilities. The work may be physically demanding, and technicians and aides risk injury on the job. Most are full time, but part-time work is common; schedules may include nights, weekends, or holidays in facilities that are open 24 hours.","psychiatric technicians and aides.    Childcare workers attend to children's needs while helping to foster early development. Home health and personal care aides monitor the condition of people with disabilities or chronic illnesses and help them with daily living activities. Licensed practical nurses (LPNs) and licensed vocational nurses (LVNs) provide basic medical care. Medical assistants complete administrative and clinical tasks, such as scheduling appointments and taking patients’ vital signs. Nursing assistants provide basic care and help patients with activities of daily living. Orderlies transport patients and clean treatment areas. Occupational therapy assistants and aides help occupational therapists provide treatments and procedures to clients, or they do routine tasks such as preparing treatment rooms. Registered nurses (RNs) provide and coordinate patient care and educate patients and the public about various health conditions. Social and human service assistants provide client services in a variety of fields, such as psychology, rehabilitation, and social work."
267,Psychologist,92740.0,"Psychologists study cognitive, emotional, and social processes and behavior by observing, interpreting, and recording how people relate to one another and to their environments. They use their findings to help improve processes and behaviors.  Study behavior and brain function by observing, interviewing, and surveying individuals Clinical and counseling psychologists ","Psychologists typically need an advanced degree, such as a master’s or doctoral degree, in psychology. Licensing requirements vary by state and position.   Analytical skills. ","Psychologists work in a variety of settings, such as schools, hospitals, and private practice. Most are full time, but part-time work is common. Some work evenings or weekends to accommodate their clients' schedules.","psychologists.    Market research analysts study consumer preferences, business conditions, and other factors to assess potential sales of a product or service. Marriage and family therapists diagnose and treat cognitive, behavioral, or similar disorders in the context of couples and other relationships. Physicians and surgeons diagnose and treat injuries or illnesses and address health maintenance. Postsecondary teachers instruct students in a variety of academic subjects beyond the high school level. School counselors help students develop academic and social skills. Career counselors and advisors help people choose a path to employment. Social workers help people prevent and cope with problems in their everyday lives. Sociologists study society and social behavior by examining the groups, cultures, social institutions, and processes that develop when people interact and work together. Substance abuse, behavioral disorder, and mental health counselors advise people on a range of issues, such as those relating to alcoholism, addictions, or depression. Survey researchers design and conduct surveys and analyze data. Training and development specialists plan and administer programs that improve the skills and knowledge of their employees."
268,Public Relations or Fundraising Manager,130480.0,Public relations managers plan and direct the creation of material that will enhance the public image of their employer or client. Fundraising managers coordinate campaigns that bring in donations for their organization.  Develop their organization’s or client’s corporate image and identity Public relations managers ,"Public relations and fundraising managers typically need at least a bachelor’s degree, and some positions may require a master’s degree. Many years of related work experience are also necessary.   Interpersonal skills. ","Public relations and fundraising managers generally work in offices during regular business hours. However, many of these managers travel to give speeches and to attend meetings and community activities. Some work more than 40 hours per week.","public relations and fundraising managers.    Advertising sales agents sell promotional space to businesses and individuals. Advertising, promotions, and marketing managers plan programs to generate interest in products or services. Fundraisers organize activities to raise money and other kinds of donations for an organization. Market research analysts study consumer preferences, business conditions, and other factors to assess potential sales of a product or service. Special effects artists and animators create images that appear to move and visual effects for various forms of media and entertainment. Public relations specialists create and maintain a positive public image for the clients they represent."
269,Public Relations Specialist,66750.0,"Public relations specialists create and maintain a positive public image for the individuals, groups, or organizations they represent. They craft media releases and develop social media programs to shape public perception of their clients and to increase awareness of each client’s work and goals.  Write press releases and prepare information for the media communications specialists ","Public relations specialists typically need a bachelor’s degree to enter the occupation. Employers may prefer to hire candidates who have studied a particular field, such as communications or business.   Interpersonal skills. ","Public relations specialists work for a variety of organizations, including schools, media buyers, and professional associations. They usually work in offices, but they also deliver speeches, attend meetings and community activities, and occasionally travel.","public relations specialists.    Advertising, promotions, and marketing managers plan programs to generate interest in products or services. Advertising sales agents sell promotional space to businesses and individuals. Editors plan, review, and revise content for publication. Market research analysts study consumer preferences, business conditions, and other factors to assess potential sales of a product or service. Meeting, convention, and event planners arrange all aspects of events and professional gatherings. Public relations managers direct the creation of materials that will enhance the public image of their employer or client. Fundraising managers coordinate campaigns that bring in donations for their organization. Wholesale and manufacturing sales representatives sell goods for wholesalers or manufacturers to businesses, government agencies, and other organizations. Writers and authors develop written content for various types of media."
270,Public Safety Telecommunicator,48890.0,"Public safety telecommunicators, including 911 operators and fire dispatchers, answer emergency and nonemergency calls and provide resources to assist those in need.  Answer 9-1-1 emergency and nonemergency requests from different sources, such as phone calls, text messages, social media, and alarm systems 911 operators  ",Public safety telecommunicators typically need a high school diploma to enter the occupation and then are trained on the job. Many states and localities require these workers to become certified.   Ability to multitask. ,"Public safety telecommunicators work in emergency communication centers called public safety answering points (PSAPs). These workers usually have shifts that include evenings, weekends, and holidays to provide round-the-clock coverage. The pressure to respond quickly and calmly in alarming situations may be stressful.","public safety telecommunicators.    Air traffic controllers coordinate the movement of aircraft to maintain safe distances between them. Customer service representatives interact with customers to handle complaints, process orders, and answer questions. Emergency medical technicians (EMTs) and paramedics assess injuries and illnesses, provide emergency medical care, and may transport patients to medical facilities. Power plant operators, distributors, and dispatchers control the systems that generate and distribute electric power. Security guards and gambling surveillance officers protect property from illegal activity."
271,"Purchasing Manager, Buyer, or Purchasing Agent",77180.0,"Buyers and purchasing agents buy products and services for organizations to use or resell. They evaluate suppliers, negotiate contracts, and review the quality of products. Purchasing managers oversee the work of buyers and purchasing agents and typically handle more complex procurement tasks.  Evaluate suppliers on the basis of the price, quality, and speed of delivery of their products and services Purchasing agents and buyers of farm products ","Purchasing managers, buyers, and purchasing agents typically need a bachelor’s degree, although some employers hire candidates who have a high school diploma. Purchasing managers also need several years of related work experience.   Analytical skills. ",Purchasing managers and buyers and purchasing agents usually work in an office setting. Most work full time. Travel may be required.,"purchasing managers, buyers, and purchasing agents.    Advertising, promotions, and marketing managers plan programs to generate interest in products or services. Bookkeeping, accounting, and auditing clerks compute, classify, and record data to help organizations keep complete and accurate financial records. Financial clerks do administrative work, help customers, and carry out transactions that involve money. Financial managers create financial reports, direct investment activities, and develop plans for the long-term financial goals of their organization. Food service managers are responsible for the daily operation of restaurants or other establishments that prepare and serve food and beverages. Lodging managers ensure that guests have a pleasant experience at an accommodations facility. They also plan, direct, or coordinate activities to ensure that the facility is efficient and profitable. Logisticians analyze and coordinate an organization’s supply chain. Material recording clerks track product information in order to keep businesses and supply chains on schedule. Transportation, storage, and distribution managers plan, direct, or coordinate the movement of people and goods. Wholesale and manufacturing sales representatives sell goods for wholesalers or manufacturers to businesses, government agencies, and other organizations."
272,Quality Control Inspector,45850.0,Quality control inspectors examine products and materials for defects or deviations from specifications.  Read blueprints and specifications Materials inspectors ,Quality control inspectors typically need a high school diploma to enter the occupation and receive on-the-job training once employed.   Detail oriented. ,"Many quality control inspectors work in manufacturing. Most work full time, and overtime may be required to meet production deadlines.","quality control inspectors.    Construction and building inspectors ensure that construction meets building codes and ordinances, zoning regulations, and contract specifications. Fire inspectors detect fire hazards, recommend prevention measures, ensure compliance with state and local fire regulations, and investigate causes of fires. Industrial engineers design, develop, and test integrated systems for managing industrial production processes. Industrial engineering technologists and technicians help engineers solve problems affecting manufacturing layout or production. Logisticians analyze and coordinate an organization’s supply chain."
273,Radiation Therapist,98300.0,Radiation therapists administer doses of radiation to patients who have cancer or other serious diseases.  Explain treatment plans to the patient and answer questions about treatment  ,"Radiation therapists typically need an associate’s or bachelor’s degree in radiation therapy. Most states require radiation therapists to be licensed or certified, which often includes passing a national certification exam.   Compassion.  ","Radiation therapists work in hospitals, offices of physicians, and outpatient centers. Most radiation therapists work full time.","radiation therapists.    Dental hygienists examine patients for signs of oral diseases, such as gingivitis, and provide preventive care, including oral hygiene. Diagnostic medical sonographers and cardiovascular technologists and technicians operate special equipment to create images or to conduct tests. Medical dosimetrists calculate doses of radiation and design and oversee treatment plans for patients with cancer and other serious diseases. Nuclear medicine technologists prepare and administer radioactive drugs for imaging or treatment. Nursing assistants provide basic care and help patients with activities of daily living. Orderlies transport patients and clean treatment areas. Physical therapist assistants and aides are supervised by physical therapists to help patients regain movement and manage pain after injuries and illnesses. Radiologic technologists perform diagnostic imaging examinations on patients. MRI technologists operate magnetic resonance imaging (MRI) scanners to create diagnostic images. Registered nurses (RNs) provide and coordinate patient care and educate patients and the public about various health conditions. Respiratory therapists care for patients who have trouble breathing—for example, because of a chronic condition such as asthma."
274,Radiologic or MRI Technologist,76020.0,"Radiologic technologists, also known as radiographers, perform x rays and other diagnostic imaging examinations on patients. MRI technologists operate magnetic resonance imaging (MRI) scanners to create diagnostic images.  Adjust and maintain imaging equipment radiographers ","Radiologic technologists and MRI technologists typically need an associate’s degree. MRI technologists may start out as radiologic technologists. Most states require radiologic technologists to be licensed or certified, but few states require licensure for MRI technologists. Regardless of state requirements, employers typically require or prefer to hire technologists who are certified.   Detail oriented. ","Radiologic and MRI technologists work in healthcare facilities, and more than half work in hospitals. Most radiologic and MRI technologists work full time.",radiologic and MRI technologists.    Diagnostic medical sonographers and cardiovascular technologists and technicians operate special equipment to create images or to conduct tests. Medical dosimetrists calculate doses of radiation and design and oversee treatment plans for patients with cancer and other serious diseases. Nuclear medicine technologists prepare and administer radioactive drugs for imaging or treatment. Radiation therapists administer doses of radiation to patients who have cancer or other serious diseases. Veterinary technologists and technicians do medical tests that help diagnose animals’ injuries and illnesses.
275,Railroad Worker,73580.0,"Railroad workers ensure that passenger and freight trains run on time and travel safely. Some workers drive trains, some coordinate the activities of the trains, and others operate signals and switches in the rail yard.  Check the mechanical condition of locomotives and make adjustments when necessary Conductors ",Workers in railroad occupations typically need a high school diploma or equivalent and several months of on-the-job training.   Communication skills ,"Nearly all railroad workers are employed in the rail transportation industry. Most work full time, and some work more than 40 hours per week.","railroad workers.    Bus drivers transport people between various places. Delivery truck drivers and driver/sales workers pick up, transport, and drop off packages and small shipments within a local region or urban area. Heavy and tractor-trailer truck drivers transport goods from one location to another. Material moving machine operators use equipment to transport objects. Water transportation workers operate and maintain vessels that take cargo and people over water."
276,Real Estate Broker or Sales Agent,56620.0,"Real estate brokers and sales agents help clients buy, sell, and rent properties. Although brokers and agents do similar work, brokers are licensed to manage their own real estate businesses. Sales agents must work with a real estate broker.  Solicit potential clients to buy, sell, and rent properties Real estate brokers ",Real estate brokers and sales agents typically need a high school diploma or equivalent to enter the occupation. They also must complete a number of real estate courses and pass a licensing exam. States typically require licensed agents to have experience before obtaining a broker’s license.   Business skills. ,"Most real estate brokers and sales agents are self-employed. Although they often work irregular hours, many are able to set their own schedules.","real estate brokers and sales agents.    Advertising sales agents sell promotional space to businesses and individuals. Property appraisers and assessors provide a value estimate on real estate and on tangible personal and business property. Insurance sales agents contact potential customers and sell one or more types of insurance. Loan officers evaluate, authorize, or recommend approval of loan applications. Property, real estate, and community association managers oversee many aspects of residential, commercial, or industrial properties. Securities, commodities, and financial services sales agents connect buyers and sellers in financial markets. Wholesale and manufacturing sales representatives sell goods for wholesalers or manufacturers to businesses, government agencies, and other organizations. Retail sales workers sell merchandise, spare and replacement parts, and equipment to customers. Personal financial advisors provide advice to help individuals manage their money and plan for their financial future."
277,Receptionist,35840.0,"Receptionists do administrative tasks, such as answering phones, greeting visitors, and providing general information about their organization.  Answer the telephone and take messages or forward calls  ","Although hiring requirements vary by industry and employer, receptionists typically need a high school diploma or equivalent and good communication skills.   Communication skills. ",Receptionists are employed in nearly every industry.,"receptionists.    Customer service representatives interact with customers to handle complaints, process orders, and answer questions. General office clerks perform a variety of clerical tasks, including answering telephones, typing documents, and filing records. Information clerks perform routine clerical duties, maintain records, collect data, and provide information to customers. Library technicians and assistants help librarians with all aspects of running a library. Secretaries and administrative assistants do routine clerical and organizational tasks. Tellers process routine transactions, such as cashing checks and depositing money, at a bank or credit union."
278,Recreational Therapist,57120.0,"Recreational therapists plan, direct, and coordinate recreation-based medical treatment programs to help maintain or improve patients’ physical, social, and emotional well-being. These therapists use a variety of techniques, including art expression; drama, music, and dance; sports and games; aquatics; and community outings.  Assess patients’ needs through observation, medical records, tests, and discussions with other healthcare workers and patients and their families  ",Recreational therapists typically need a bachelor’s degree to enter the occupation. Employers may require or prefer therapists to be certified.   Communication skills. ,"Recreational therapists work in a variety of settings, including hospitals, nursing homes, and government parks and recreation departments. Most work full time.","recreational therapists.    Occupational therapists evaluate and treat people who have injuries, illnesses, or disabilities to help them with vocational, daily living, and other skills that promote independence. Physical therapists help injured or ill people improve movement and manage pain. Rehabilitation counselors work with clients to overcome or manage the personal, social, or psychological effects of disabilities on employment or independent living. School counselors help students develop academic and social skills. Career counselors and advisors help people choose a path to employment. Speech-language pathologists assess and treat people who have communication disorders. Special education teachers work with students who have a wide range of learning, mental, emotional, and physical disabilities. Athletic trainers specialize in preventing, diagnosing, and treating muscle and bone injuries and illnesses. Exercise physiologists develop fitness and exercise programs to help people improve their health. Social workers help people prevent and cope with problems in their everyday lives."
279,Recreation Worker,34410.0,"Recreation workers organize, conduct, and promote a variety of group activities for leisure and other purposes. Activities may include arts and crafts, sports, or music.  Organize, conduct, and promote recreational activities camp counselors ","Recreation workers typically need at least a high school diploma or the equivalent, although requirements may vary by type of job. Once hired, these workers typically need a short period of on-the-job training.   Communication skills. ","Recreation workers are employed in a variety of settings, including recreation centers, parks, and summer camps. Most work full time, but many work part-time, irregular, or seasonal hours.","recreation workers.    Athletic trainers specialize in preventing, diagnosing, and treating muscle and bone injuries and illnesses. Fitness trainers and instructors lead, instruct, and motivate individuals or groups in exercise activities. Meeting, convention, and event planners arrange all aspects of events and professional gatherings. Recreational therapists plan, direct, and coordinate recreation-based medical treatment programs for people with disabilities, injuries, or illnesses. Rehabilitation counselors work with clients to overcome or manage the personal, social, or psychological effects of disabilities on employment or independent living. School counselors help students develop academic and social skills. Career counselors and advisors help people choose a path to employment. Exercise physiologists develop fitness and exercise programs to help people improve their health. Athletes and sports competitors participate in organized, officiated sporting events to entertain spectators. Social workers help people prevent and cope with problems in their everyday lives."
280,Registered Nurse,86070.0,"Registered nurses (RNs) provide and coordinate patient care, educate patients and the public about various health conditions, and provide advice and emotional support to patients and their families.  Assess patients’ conditions Addiction nurses ","Registered nurses usually take one of three education paths: a bachelor’s degree in nursing, an associate’s degree in nursing, or a diploma from an approved nursing program. Registered nurses must be licensed.   Critical-thinking skills. ","Registered nurses work in hospitals, physicians’ offices, home healthcare services, and nursing care facilities. Others work in outpatient clinics and schools.","registered nurses.    Dental hygienists examine patients for signs of oral diseases, such as gingivitis, and provide preventive care, including oral hygiene. Diagnostic medical sonographers and cardiovascular technologists and technicians operate special equipment to create images or to conduct tests. Emergency medical technicians (EMTs) and paramedics assess injuries and illnesses, provide emergency medical care, and may transport patients to medical facilities. Licensed practical nurses (LPNs) and licensed vocational nurses (LVNs) provide basic medical care. Medical dosimetrists calculate doses of radiation and design and oversee treatment plans for patients with cancer and other serious diseases. Nurse anesthetists, nurse midwives, and nurse practitioners coordinate patient care and may provide primary and specialty healthcare. Physician assistants examine, diagnose, and treat patients under the supervision of a physician. Social workers help people prevent and cope with problems in their everyday lives. Respiratory therapists care for patients who have trouble breathing—for example, because of a chronic condition such as asthma."
281,Rehabilitation Counselor,44040.0,"Rehabilitation counselors work with clients to overcome or manage the personal, social, or psychological effects of disabilities on employment or independent living.  Provide individual and group counseling to help clients with a variety of issues vocational rehabilitation counselors ","Rehabilitation counselors typically need a master’s degree in rehabilitation counseling or a related field, although for some jobs a bachelor’s degree is sufficient. Some positions require a license or certification.   Communication skills. ",Rehabilitation counselors work in a variety of settings. Most work full time.,"rehabilitation counselors.    Marriage and family therapists diagnose and treat cognitive, behavioral, or similar disorders in the context of couples and other relationships. Occupational therapists evaluate and treat people who have injuries, illnesses, or disabilities to help them with vocational, daily living, and other skills that promote independence. Occupational therapy assistants and aides help occupational therapists provide treatments and procedures to clients, or they do routine tasks such as preparing treatment rooms. Psychologists study cognitive, emotional, and social processes and behavior by observing, interpreting, and recording how people relate to one another and to their environments. School counselors help students develop academic and social skills. Career counselors and advisors help people choose a path to employment. Social and human service assistants provide client services in a variety of fields, such as psychology, rehabilitation, and social work. Special education teachers work with students who have a wide range of learning, mental, emotional, and physical disabilities. Substance abuse, behavioral disorder, and mental health counselors advise people on a range of issues, such as those relating to alcoholism, addictions, or depression. Social workers help people prevent and cope with problems in their everyday lives. Social and community service managers coordinate and supervise programs and organizations that support public well-being."
282,Respiratory Therapist,77960.0,"Respiratory therapists care for patients who have trouble breathing—for example, because of conditions such as asthma or chronic obstructive pulmonary disease (COPD). Their patients range from premature infants with undeveloped lungs to older adults whose lungs are diseased.  Interview and examine patients with breathing or cardiopulmonary disorders  ",Respiratory therapists typically need an associate’s degree in respiratory therapy. Some employers prefer to hire candidates who have a bachelor’s degree. Respiratory therapists must be licensed in all states except Alaska; requirements vary by state.   Compassion. ,"Most respiratory therapists work full time. Because they may work in medical facilities that are always open, such as hospitals, they may have shifts that include nights, weekends, or holidays.","respiratory therapists.    Athletic trainers specialize in preventing, diagnosing, and treating muscle and bone injuries and illnesses. Exercise physiologists develop fitness and exercise programs to help people improve their health.  Occupational therapists evaluate and treat people who have injuries, illnesses, or disabilities to help them with vocational, daily living, and other skills that promote independence. Physical therapists help injured or ill people improve movement and manage pain. Radiation therapists administer doses of radiation to patients who have cancer or other serious diseases. Registered nurses (RNs) provide and coordinate patient care and educate patients and the public about various health conditions. Speech-language pathologists assess and treat people who have communication disorders."
283,Retail Sales Worker,33900.0,"Retail sales workers sell merchandise, such as furniture, motor vehicles, appliances, or apparel, to customers. They also sell spare and replacement parts and equipment.  Greet customers and offer them assistance Parts salespersons ","Retail sales workers typically do not need formal education to enter the occupation. However, some employers prefer to hire candidates who have a high school diploma or the equivalent. Most retail sales workers learn on the job.   Customer-service skills. ","Retail sales workers usually work in clean, well-lit stores. Most are employed full time. Schedules may vary, with evening and weekend work required in some jobs.","retail sales workers.    Cashiers process payments and disburse money in retail settings. Customer service representatives interact with customers to handle complaints, process orders, and answer questions. Information clerks perform routine clerical duties, maintain records, collect data, and provide information to customers. Insurance sales agents contact potential customers and sell one or more types of insurance. Real estate brokers and sales agents help clients buy, sell, and rent properties. Sales engineers sell business products or services, such as software or support, that require technical expertise. Securities, commodities, and financial services sales agents connect buyers and sellers in financial markets. Wholesale and manufacturing sales representatives sell goods for wholesalers or manufacturers to businesses, government agencies, and other organizations. Food and beverage serving and related workers take and prepare orders, clear tables, and do other tasks associated with providing food and drink to customers. Sales managers plan, direct, or coordinate the delivery of a product or service to the customer."
284,Roofer,50030.0,"Roofers replace, repair, and install the roofs of buildings, using a variety of materials, including shingles, bitumen, and metal.  Inspect problem roofs to determine the best way to repair them  ","There are no specific education requirements for roofers. Although most learn on the job, some roofers enter the occupation through an apprenticeship.   Ability to work at heights. ","Roofing work is physically demanding because it involves climbing, bending, kneeling, and heavy lifting. Roofers may work overtime in order to finish a particular job, especially during busy summer months.","roofers.    Carpenters construct, repair, and install building frameworks and structures made from wood and other materials. Construction laborers and helpers perform tasks, such as using, supplying, or holding materials or tools and cleaning work areas and equipment, on construction sites. Drywall and ceiling tile installers hang wallboard and install ceiling tile inside buildings. Tapers prepare the wallboard for painting. Flooring installers and tile and stone setters lay and finish carpet, wood, vinyl, tile, and other materials. Insulation workers install and replace the materials used to insulate buildings or mechanical systems. Masonry workers use bricks, concrete and concrete blocks, and natural and manmade stones to build structures. Sheet metal workers fabricate or install products that are made from thin metal sheets. Solar photovoltaic (PV) installers assemble, set up, and maintain rooftop or other systems that convert sunlight into energy."
285,Sales Engineer,116950.0,"Sales engineers sell business products or services, such as software or support, that require technical expertise.  Prepare and deliver presentations explaining technical products to existing and prospective customers  ","To enter the occupation, sales engineers typically need a bachelor’s degree. They combine technical knowledge of the products or services they sell with strong interpersonal skills.   Analytical skills. ",Sales engineers typically work in an office setting and often travel to meet with customers. Most sales engineers work full time.,"sales engineers.    Aerospace engineers design, develop, and test aircraft, spacecraft, satellites, and missiles. Computer hardware engineers research, design, develop, and test computer systems and components. Electrical engineers design, develop, test, and supervise the manufacture of electrical equipment. Industrial engineers design, develop, and test integrated systems for managing industrial production processes. Insurance sales agents contact potential customers and sell one or more types of insurance. Mechanical engineers design, develop, build, and test mechanical and thermal sensors and devices. Buyers and purchasing agents buy products and services for organizations. Purchasing managers oversee the work of buyers and purchasing agents. Securities, commodities, and financial services sales agents connect buyers and sellers in financial markets. Wholesale and manufacturing sales representatives sell goods for wholesalers or manufacturers to businesses, government agencies, and other organizations. Materials engineers develop, process, and test materials used to create a wide range of products."
286,Sales Manager,135160.0,"Sales managers plan, direct, or coordinate the delivery of a product or service to the customer. They set sales goals, analyze data, and develop training programs for organizations’ sales representatives.  Prepare budgets and approve expenditures  ","Sales managers typically need a bachelor’s degree and work experience as a sales representative. For some jobs, workers qualify with a high school diploma.   Analytical skills. ","Sales managers typically work in an office or retail setting. Most work full time, and some work more than 40 hours per week. They often are required to travel.","sales managers.    Advertising, promotions, and marketing managers plan programs to generate interest in products or services. Advertising sales agents sell promotional space to businesses and individuals. Market research analysts study consumer preferences, business conditions, and other factors to assess potential sales of a product or service. Retail sales workers sell merchandise, spare and replacement parts, and equipment to customers. Sales engineers sell business products or services, such as software or support, that require technical expertise. Wholesale and manufacturing sales representatives sell goods for wholesalers or manufacturers to businesses, government agencies, and other organizations. Public relations managers direct the creation of materials that will enhance the public image of their employer or client. Fundraising managers coordinate campaigns that bring in donations for their organization. Public relations specialists create and maintain a positive public image for the clients they represent. Buyers and purchasing agents buy products and services for organizations. Purchasing managers oversee the work of buyers and purchasing agents. Insurance sales agents contact potential customers and sell one or more types of insurance."
287,School or Career Counselor or Advisor,61710.0,"School counselors help students develop academic and social skills and plans for after graduation. Career counselors and advisors help students and other clients develop skills, explore an occupation, or choose an educational program that will lead to a career.  Help students understand and overcome social or behavioral challenges Elementary school counselors ",School counselors typically must have a master’s degree in school counseling or a related field and have a state-issued credential. Some states require licensure for career counselors and advisors.   Analytical skills. ,School counselors work in public and private schools. Career counselors and advisors are employed primarily in colleges and universities but also work in career centers and private practice. Both types of counselors usually work full time.,"school and career counselors and advisors.    High school teachers teach academic lessons and various skills that students will need to attend college and to enter the job market. Kindergarten and elementary school teachers instruct young students in basic subjects in order to prepare them for future schooling. Marriage and family therapists diagnose and treat cognitive, behavioral, or similar disorders in the context of couples and other relationships. Middle school teachers educate students, typically in sixth through eighth grades. Psychologists study cognitive, emotional, and social processes and behavior by observing, interpreting, and recording how people relate to one another and to their environments. Rehabilitation counselors work with clients to overcome or manage the personal, social, or psychological effects of disabilities on employment or independent living. Social and community service managers coordinate and supervise programs and organizations that support public well-being. Social and human service assistants provide client services in a variety of fields, such as psychology, rehabilitation, and social work. Substance abuse, behavioral disorder, and mental health counselors advise people on a range of issues, such as those relating to alcoholism, addictions, or depression. Training and development specialists plan and administer programs that improve the skills and knowledge of their employees."
288,Secretary or Administrative Assistant,46010.0,"Secretaries and administrative assistants do routine clerical and organizational tasks. They arrange files, prepare documents, schedule appointments, and support other staff.  Answer telephones and take messages or transfer calls Executive secretaries and executive administrative assistants ","High school graduates who are comfortable using word processing and spreadsheet programs typically qualify for entry-level positions. Although workers typically learn their duties over several weeks on the job, legal and medical secretaries and administrative assistants may need additional training to learn industry-specific terminology. Executive secretaries and executive administrative assistants typically need several years of related work experience.   Decision-making skills. ","Although secretaries and administrative assistants work in nearly every industry, about half of all workers in the occupation are employed in healthcare; education; and professional, scientific, and technical services. Most work full time.","secretaries and administrative assistants.    Bookkeeping, accounting, and auditing clerks compute, classify, and record data to help organizations keep complete and accurate financial records. Court reporters create word-for-word transcriptions at trials, depositions, and other legal proceedings. Simultaneous captioners provide similar transcriptions for television or for presentations in other settings, such as press conferences and business meetings, for people who are deaf or hard of hearing. General office clerks perform a variety of clerical tasks, including answering telephones, typing documents, and filing records. Information clerks perform routine clerical duties, maintain records, collect data, and provide information to customers. Medical records specialists compile, process, and maintain patient files. Medical transcriptionists use electronic devices to convert voice recordings from physicians and other healthcare workers into formal reports. Paralegals and legal assistants supportlawyersby performing a variety of tasks, such as maintaining and organizing files, conducting legal research, and drafting documents. Receptionists do tasks such as answering phones, receiving visitors, and providing information about their organization to the public. Financial clerks do administrative work, help customers, and carry out transactions that involve money. Travel agents sell transportation, lodging, and entertainment activities to individuals and groups planning trips."
289,"Securities, Commodities, or Financial Services Sales Agent",76900.0,"Securities, commodities, and financial services sales agents connect buyers and sellers in financial markets. They sell securities to individuals, advise companies in search of investors, and conduct trades.  Contact prospective clients to present information and explain available services Brokers ","Securities, commodities, and financial services sales agents typically need a bachelor’s degree for entry-level jobs. A master’s degree in business administration (MBA) is useful for advancement.   Analytical skills. ","Securities, commodities, and financial services sales agents work in high-stress environments and often work more than 40 hours per week.","securities, commodities, and financial services sales agents.    Financial analysts guide businesses and individuals in decisions about expending money to attain profit. Financial managers create financial reports, direct investment activities, and develop plans for the long-term financial goals of their organization. Insurance sales agents contact potential customers and sell one or more types of insurance. Personal financial advisors provide advice to help individuals manage their money and plan for their financial future. Real estate brokers and sales agents help clients buy, sell, and rent properties."
290,Security Guard or Gambling Surveillance Officer,37090.0,"Security guards and gambling surveillance officers protect property against theft, vandalism, and other illegal activity.  Patrol property Security guards ","Security guards and gambling surveillance officers typically require a high school diploma and on-the-job training. Gambling surveillance officers sometimes need experience with security and video surveillance. Most states require security guards to be licensed by the state, especially if they carry a firearm.  Be at least 18 years old Communication skills. ","Security guards work in a variety of places, including industrial settings, retail stores, and office buildings. Gambling surveillance officers work mostly in casinos. Because many buildings and casinos are open 24 hours a day, security guards and officers often must work around the clock.","security guards and gambling surveillance officers.    Correctional officers guard people in penal institutions and guard those in transit between jail, courtroom, prison, or other point. Bailiffs are law enforcement officers who maintain order in courtrooms. Gambling services workers serve customers in gambling establishments, such as casinos or racetracks. Police officers protect lives and property. Detectives and criminal investigators gather facts and collect evidence of possible crimes. Private detectives and investigators gather, analyze, and report information to clients regarding legal or personal matters. Firefighters control and put out fires and respond to emergencies involving life, property, or the environment."
291,Semiconductor Processing Technician,45850.0,"Semiconductor processing technicians perform tasks in the manufacture of electronic semiconductors, commonly known as integrated circuits or microchips, that are used in cars, smartphones, and other everyday devices. Throughout production, these workers process silicon crystals into flat wafers, the primary material used in manufacturing semiconductors.  Review work orders and processing charts  ","Semiconductor processing technicians typically need a high school diploma or the equivalent to enter the occupation. Some technicians complete a certificate or associate’s degree program. Once hired, they typically receive on-the-job training.   Communication skills.  ","Most semiconductor processing technicians are employed full time, primarily in manufacturing plants. They work in “cleanrooms” and must wear special garments over their clothing to keep the cleanroom free from contamination.","semiconductor processing technicians.    Assemblers and fabricators build finished products and the parts that go into them. Machinists and tool and die makers set up and operate equipment to produce precision metal parts, instruments, and tools. Quality control inspectors examine products and materials for defects or deviations from specifications. Chemical engineers apply the principles of chemistry, physics, and engineering to design equipment and processes for manufacturing products such as gasoline, detergents, and paper. Computer hardware engineers research, design, develop, and test computer systems and components. Electrical and electronic engineering technologists and technicians help engineers design and develop equipment that is powered by electricity or electric current. Electrical engineers design, develop, test, and supervise the manufacture of electrical equipment."
292,Set or Exhibit Designer,59490.0,"Set and exhibit designers develop visual and tactile spaces for entertainment productions or for a variety of displays. Set designers work on movies, television, theater, and other productions. Exhibit designers create spaces to showcase products, art, artifacts, or other displays.  Evaluate scripts or objects to be exhibited  ","Set and exhibit designers typically need a bachelor’s degree in theater design, exhibit design, or a related field. Some employers prefer to hire candidates who have a master’s degree.   Computer skills.  ","Many set and exhibit designers are self-employed. They may move from one short-term, full-time job to another, working for a series of employers rather than only one. These workers may be hired on a per-project or contract basis.","set and exhibit designers.    Architects plan and design houses, factories, office buildings, and other structures. Archivists and curators oversee institutions’ collections, such as of historical items or of artwork. Museum technicians and conservators prepare and restore items in those collections. Civil engineers plan, design, and supervise the construction and maintenance of building and infrastructure projects. Craft and fine artists use a variety of materials and techniques to create art for sale and exhibition. Graphic designers create visual concepts, using computer software or by hand, to communicate ideas that inspire, inform, and captivate consumers. Industrial designers combine art, business, and engineering to develop the concepts for manufactured products. Interior designers make indoor spaces functional, safe, and beautiful by determining space requirements and selecting essential and decorative items. Landscape architects design parks and other outdoor spaces."
293,Sheet Metal Worker,58780.0,"Sheet metal workers fabricate or install products that are made from thin metal sheets, such as ducts used in heating and air conditioning systems.  Select types of sheet metal according to building or design plans Fabrication sheet metal workers ",Sheet metal workers who work in construction typically learn their trade through an apprenticeship. Those who work in manufacturing often learn on the job or at a technical school.   Detail oriented.  ,"Sheet metal workers often lift heavy materials and stand for long periods of time. Those who install sheet metal must often bend, climb, and squat. Most work full time.","sheet metal workers.    Assemblers and fabricators build finished products and the parts that go into them. Glaziers install glass in windows, skylights, and other fixtures in buildings. Heating, air conditioning, and refrigeration mechanics and installers work on heating, ventilation, cooling, and refrigeration systems. Machinists and tool and die makers set up and operate equipment to produce precision metal parts, instruments, and tools. Metal and plastic machine workers set up and operate equipment that cuts, shapes, and forms metal and plastic materials or pieces. Roofers replace, repair, and install the roofs of buildings. Boilermakers assemble, install, maintain, and repair boilers, closed vats, and other large vessels or containers that hold liquids and gases. Insulation workers install and replace the materials used to insulate buildings or mechanical systems. Solar photovoltaic (PV) installers assemble, set up, and maintain rooftop or other systems that convert sunlight into energy. Welders, cutters, solderers, and brazers use hand-held or remotely controlled equipment to join, repair, or cut metal parts and products."
294,Skincare Specialist,43200.0,"Skincare specialists, also known as estheticians, provide cleansing and other face and body treatments to enhance a person’s appearance.  Disinfect equipment and clean work areas before and after procedures estheticians ",Skincare specialists must complete a state-approved cosmetology or esthetician program and then pass a state exam for licensure.   Business skills ,"Skincare specialists usually work in salons and beauty and health spas, and some are self-employed. Part-time work is common, and work schedules may vary and include evenings and weekends.","skincare specialists.    Barbers, hairstylists, and cosmetologists provide haircutting, hairstyling, and other services related to personal appearance. Manicurists and pedicurists clean, shape, and beautify fingernails and toenails. Massage therapists treat clients by applying pressure to manipulate the body's soft tissues and joints."
295,Small Engine Mechanic,46500.0,"Small engine mechanics inspect, service, and repair motorized power equipment. Mechanics often specialize in one type of equipment, such as motorcycles, motorboats, or outdoor power equipment.  Discuss equipment issues, maintenance plans, and work performed with customers Motorboat mechanics and service technicians ",Small engine mechanics typically enter the occupation with a high school diploma or postsecondary nondegree award and learn their trade through on-the-job training.   Customer-service skills. ,"Small engine mechanics generally work in well-ventilated but noisy repair shops. They sometimes make onsite repair calls, which may require working in poor weather conditions. Although most work full time, seasonal workers often see their hours fluctuate. Workers frequently are busiest during the spring and summer, when equipment use is the highest.","small engine mechanics.    Automotive service technicians and mechanics inspect, maintain, and repair cars and light trucks. Diesel service technicians and mechanics inspect, repair, and overhaul buses, trucks, or any vehicle with a diesel engine. Heavy vehicle and mobile equipment service technicians inspect, maintain, and repair vehicles and machinery used in construction, farming, and other industries."
296,Social and Community Service Manager,77030.0,Social and community service managers coordinate and supervise programs and organizations that support public well-being. They direct workers who provide these services to the public.  Work with community members and other stakeholders to identify necessary programs and services  ,"Social and community service managers typically need at least a bachelor’s degree and work experience. However, some positions also require a master’s degree.   Analytical skills. ","Social and community service managers work for nonprofit organizations, for-profit social service companies, and government agencies. Most work full time.","social and community service managers.    Health education specialists develop programs to teach people about conditions affecting well-being. Marriage and family therapists diagnose and treat cognitive, behavioral, or similar disorders in the context of couples and other relationships. Probation officers and correctional treatment specialists assist in rehabilitating law offenders in custody or on probation or parole. Rehabilitation counselors work with clients to overcome or manage the personal, social, or psychological effects of disabilities on employment or independent living. School counselors help students develop academic and social skills. Career counselors and advisors help people choose a path to employment. Social and human service assistants provide client services in a variety of fields, such as psychology, rehabilitation, and social work. Social workers help people prevent and cope with problems in their everyday lives. Substance abuse, behavioral disorder, and mental health counselors advise people on a range of issues, such as those relating to alcoholism, addictions, or depression."
297,Social and Human Service Assistant,41410.0,"Social and human service assistants provide client services, including support for families, in a wide variety of fields, such as psychology, rehabilitation, and social work. They assist other workers, such as social workers, and they help clients find benefits or community services.  Help determine what type of aid their clients need case work aide ","Requirements for social and human service assistants vary, although they typically have at least a high school diploma and must complete a brief period of on-the-job training.   Communication skills. ","Many social and human service assistants work for nonprofit organizations, for-profit social service agencies, and state and local governments. They generally work full time, and some work nights and weekends.","social and human service assistants.    Childcare workers attend to children's needs while helping to foster early development. Health education specialists develop programs to teach people about conditions affecting well-being. Home health and personal care aides monitor the condition of people with disabilities or chronic illnesses and help them with daily living activities. Marriage and family therapists diagnose and treat cognitive, behavioral, or similar disorders in the context of couples and other relationships. Probation officers and correctional treatment specialists assist in rehabilitating law offenders in custody or on probation or parole. Rehabilitation counselors work with clients to overcome or manage the personal, social, or psychological effects of disabilities on employment or independent living. Social and community service managers coordinate and supervise programs and organizations that support public well-being. Social workers help people prevent and cope with problems in their everyday lives. Substance abuse, behavioral disorder, and mental health counselors advise people on a range of issues, such as those relating to alcoholism, addictions, or depression."
298,Social Worker,58380.0,"Social workers help individuals, groups, and families prevent and cope with problems in their everyday lives. Clinical social workers diagnose and treat mental, behavioral, and emotional problems.  Identify people and communities in need of help clinical social workers  ",Social workers typically need a bachelor’s or master’s degree in social work from a program accredited by the Council on Social Work Education. They also may need a license; specific requirements vary by state.   Communication skills. ,"Social workers are employed in a variety of settings, including child welfare and human service agencies, healthcare providers, and schools. Most work full time, and some work evenings, weekends, and holidays.","social workers.    Health education specialists develop programs to teach people about conditions affecting well-being. Marriage and family therapists diagnose and treat cognitive, behavioral, or similar disorders in the context of couples and other relationships. Probation officers and correctional treatment specialists assist in rehabilitating law offenders in custody or on probation or parole. Psychologists study cognitive, emotional, and social processes and behavior by observing, interpreting, and recording how people relate to one another and to their environments. Rehabilitation counselors work with clients to overcome or manage the personal, social, or psychological effects of disabilities on employment or independent living. School counselors help students develop academic and social skills. Career counselors and advisors help people choose a path to employment. Social and community service managers coordinate and supervise programs and organizations that support public well-being. Social and human service assistants provide client services in a variety of fields, such as psychology, rehabilitation, and social work. Substance abuse, behavioral disorder, and mental health counselors advise people on a range of issues, such as those relating to alcoholism, addictions, or depression."
299,Sociologist,101770.0,"Sociologists study society and social behavior by examining the groups, cultures, social institutions, and processes that develop when people interact and work together. They also may study specific groups, trace their origin and growth, and analyze the influence of group activities on individual members.  Design research projects to test theories about social issues criminologists ",Sociologists typically need at least a master’s degree to enter the occupation.   Adaptability. ,"Sociologists usually work in an office setting, although they may work elsewhere when conducting research or presenting results. Most sociologists work full time.","sociologists.    Anthropologists and archeologists study the origin, development, and behavior of humans. Economists conduct research, prepare reports, and evaluate issues related to monetary and fiscal policy. They also may collect and analyze statistical data. Political scientists study the origin, development, and operation of political systems. Postsecondary teachers instruct students in a variety of academic subjects beyond the high school level. Psychologists study cognitive, emotional, and social processes and behavior by observing, interpreting, and recording how people relate to one another and to their environments. Social workers help people prevent and cope with problems in their everyday lives. Survey researchers design and conduct surveys and analyze data. Urban and regional planners develop comprehensive plans and programs for use of land and physical facilities in cities, counties, metropolitan areas, and other jurisdictions. Historians research, analyze, interpret, and write about the past by studying historical documents and sources. Mathematicians and statisticians analyze data and apply computational techniques to solve problems."
300,"Software Developer, Quality Assurance Analyst, or Tester",130160.0,Software developers create the computer applications that allow users to do specific tasks and the underlying systems that run the devices or control networks. Software quality assurance analysts and testers design and execute software tests to identify problems and learn how the software works.  Analyze users’ needs and then design and develop software to meet those needs Applications software developers ,"Software developers, quality assurance analysts, and testers typically need a bachelor’s degree in computer and information technology or a related field. Some employers prefer to hire developers who have a master’s degree.   Analytical skills. ","Many software developers, quality assurance analysts, and testers work in computer systems design and related services, in manufacturing, or for software publishers. They often work in offices and on teams with other software developers or quality assurance analysts and testers.","software developers, quality assurance analysts, and testers.    Computer and information research scientists design innovative uses for new and existing computing technology. Computer and information systems managers plan, coordinate, and direct computer-related activities in an organization. Computer hardware engineers research, design, develop, and test computer systems and components. Computer network architects design and implement data communication networks, including local area networks (LANs), wide area networks (WANs), and intranets. Computer programmers write, modify, and test code and scripts that allow computer software and applications to function properly. Computer support specialists maintain computer networks and provide technical help to computer users. Computer systems analysts study an organization’s current computer systems and design ways to improve efficiency. Database administrators and architects create or organize systems to store and secure data. Data scientists use analytical tools and techniques to extract meaningful insights from data. Information security analysts plan and carry out security measures to protect an organization’s computer networks and systems. Mathematicians and statisticians analyze data and apply computational techniques to solve problems. Postsecondary teachers instruct students in a variety of academic subjects beyond the high school level. Web developers create and maintain websites. Digital designers develop, create, and test website or interface layout, functions, and navigation for usability."
301,Solar Photovoltaic Installer,48800.0,"Solar photovoltaic (PV) installers, also known as PV installers, assemble, set up, and maintain rooftop or other systems that convert sunlight into energy.  Plan PV system configurations based on customer needs and site conditions PV installers ","There are multiple paths to becoming a solar photovoltaic (PV) installer, or PV installer. These workers typically need a high school diploma, but some take courses at a technical school or community college; they also receive on-the-job training lasting up to 1 year. Some PV installers learn to install panels as part of an apprenticeship.   PV installer ","Most solar panel installations are done outdoors, but PV installers sometimes work in attics and crawl spaces to connect panels to the electrical grid. Installers also must travel to jobsites.","solar photovoltaic installers.    Carpenters construct, repair, and install building frameworks and structures made from wood and other materials. Masonry workers use bricks, concrete and concrete blocks, and natural and manmade stones to build structures. Construction laborers and helpers perform tasks, such as using, supplying, or holding materials or tools and cleaning work areas and equipment, on construction sites. Electricians install, maintain, and repair electrical power, communications, lighting, and control systems. Glaziers install glass in windows, skylights, and other fixtures in buildings. Heating, air conditioning, and refrigeration mechanics and installers work on heating, ventilation, cooling, and refrigeration systems. Ironworkers install structural and reinforcing iron and steel to form and support buildings, bridges, and roads. Plumbers, pipefitters, and steamfitters install and repair piping fixtures and systems. Roofers replace, repair, and install the roofs of buildings. Sheet metal workers fabricate or install products that are made from thin metal sheets."
302,Special Education Teacher,65910.0,"Special education teachers work with students who have learning, mental, emotional, or physical disabilities. They adapt general education lessons and teach various subjects to students with mild to moderate disabilities. They also teach basic skills to students with severe disabilities.  Assess students’ skills and determine their educational needs  ","Special education teachers in public schools are required to have at least a bachelor’s degree and a state-issued certification or license. Private schools typically require teachers to have a bachelor’s degree, but the teachers are not required to be licensed or certified.  A bachelor’s degree with a minimum grade point average Communication skills. ","Most special education teachers work in public schools, teaching students from preschool to high school. Many work the traditional 10-month school year, but some work year round.","special education teachers.    Career and technical education teachers instruct students in various technical and vocational subjects, such as auto repair, healthcare, and culinary arts. Childcare workers attend to children's needs while helping to foster early development. Elementary, middle, and high school principals oversee all school operations, including daily school activities. High school teachers teach academic lessons and various skills that students will need to attend college and to enter the job market. Instructional coordinators oversee school curriculums and teaching standards. They develop instructional material, implement it, and assess its effectiveness. Kindergarten and elementary school teachers instruct young students in basic subjects in order to prepare them for future schooling. Middle school teachers educate students, typically in sixth through eighth grades. Occupational therapists evaluate and treat people who have injuries, illnesses, or disabilities to help them with vocational, daily living, and other skills that promote independence. Preschool teachers educate and care for children younger than age 5 who have not yet entered kindergarten. Recreational therapists plan, direct, and coordinate recreation-based medical treatment programs for people with disabilities, injuries, or illnesses. Social workers help people prevent and cope with problems in their everyday lives. Teacher assistants work with a licensed teacher to give students additional attention and instruction."
303,Special Effects Artist or Animator,99060.0,"Special effects artists and animators create two- and three-dimensional models, images that appear to move, and visual effects for television, movies, video games, and other forms of media.  Use computer programs and illustrations to create graphics and animation (images that appear to move)  ","Special effects artists and animators typically need a bachelor’s degree in computer graphics, art, or a related field to develop both a portfolio of work and the technical skills that many employers prefer.   Artistic talent. ",Many artists and animators work in offices; others work from home.,"special effects artists and animators.    Art directors are responsible for the visual style and images in magazines, newspapers, product packaging, and movie and television productions. Computer programmers write, modify, and test code and scripts that allow computer software and applications to function properly. Craft and fine artists use a variety of materials and techniques to create art for sale and exhibition. Film and video editors and camera operators manipulate moving images that entertain or inform an audience. Graphic designers create visual concepts, using computer software or by hand, to communicate ideas that inspire, inform, and captivate consumers. Producers and directors make business and creative decisions about film, television, stage, and other productions. Web developers create and maintain websites. Digital designers develop, create, and test website or interface layout, functions, and navigation for usability."
304,Speech-Language Pathologist,89290.0,"Speech-language pathologists (sometimes called speech therapists) assess and treat people who have speech, language, voice, and fluency disorders. They also treat clients who have problems swallowing.  Evaluate levels of speech, language, or swallowing difficulty speech therapists ",Speech-language pathologists typically need at least a master’s degree in speech-language pathology. All states require that speech-language pathologists be licensed. Requirements for licensure vary by state.   Analytical skills.  ,"Some speech-language pathologists work in schools. Others work in private practice or in hospitals or nursing and residential care facilities. Most speech-language pathologists are full time, but part-time work is common.","speech-language pathologists.    Audiologists diagnose, manage, and treat patients who have hearing, balance, or related problems. Occupational therapists evaluate and treat people who have injuries, illnesses, or disabilities to help them with vocational, daily living, and other skills that promote independence. Physical therapists help injured or ill people improve movement and manage pain. Physician assistants examine, diagnose, and treat patients under the supervision of a physician. Psychologists study cognitive, emotional, and social processes and behavior by observing, interpreting, and recording how people relate to one another and to their environments. Nurse anesthetists, nurse midwives, and nurse practitioners coordinate patient care and may provide primary and specialty healthcare. Recreational therapists plan, direct, and coordinate recreation-based medical treatment programs for people with disabilities, injuries, or illnesses. Respiratory therapists care for patients who have trouble breathing—for example, because of a chronic condition such as asthma."
305,Stationary Engineer or Boiler Operator,67640.0,"Stationary engineers and boiler operators control stationary engines, boilers, or other mechanical equipment to provide utilities for buildings or for industrial purposes.  Operate engines, boilers, and auxiliary equipment  ",Stationary engineers and boiler operators typically need a high school diploma or equivalent and are trained either on the job or through an apprenticeship program. Many employers require stationary engineers and boiler operators to demonstrate competency through licenses or company-specific exams before they are allowed to operate equipment without supervision.   Detail oriented. ,"The majority of stationary engineers and boiler operators work in manufacturing, government, educational services, and hospitals. Those who work in facilities that operate around the clock often work evenings and weekends. Shift work also is common.","stationary engineers and boiler operators.    General maintenance and repair workers fix and maintain machines, mechanical equipment, and buildings. Heating, air conditioning, and refrigeration mechanics and installers work on heating, ventilation, cooling, and refrigeration systems. Industrial machinery mechanics, machinery maintenance workers, and millwrights install, maintain, and repair factory equipment and other industrial machinery. Power plant operators, distributors, and dispatchers control the systems that generate and distribute electric power. Water and wastewater treatment plant and system operators manage a system of machines to transfer or treat water or wastewater. Boilermakers assemble, install, maintain, and repair boilers, closed vats, and other large vessels or containers that hold liquids and gases. Water transportation workers operate and maintain vessels that take cargo and people over water."
306,"Substance Abuse, Behavioral Disorder, or Mental Health Counselor",53710.0,"Substance abuse, behavioral disorder, and mental health counselors advise people on a range of issues, such as those relating to alcoholism, addictions, or depression. They provide support, including for prevention, to help clients recover from addiction, modify problem behaviors, or improve mental health.  Evaluate clients’ mental and physical health, addiction, or problematic behavior and assess their readiness for treatment Substance abuse ","Education and training requirements vary for entering these occupations. Substance abuse and behavioral disorder counselors typically need at least a bachelor’s degree, although some positions require a high school diploma and others require a master’s degree. Mental health counselors typically need a master’s degree and an internship. In addition, some counselors must be licensed.   Communication skills.  ","Substance abuse, behavioral disorder, and mental health counselors work in a variety of settings, such as mental health centers, community health centers, and private practice. Most work full time, although part-time work is common.","substance abuse, behavioral disorder, and mental health counselors.    Marriage and family therapists diagnose and treat cognitive, behavioral, or similar disorders in the context of couples and other relationships. Physicians and surgeons diagnose and treat injuries or illnesses and address health maintenance. Psychologists study cognitive, emotional, and social processes and behavior by observing, interpreting, and recording how people relate to one another and to their environments. Registered nurses (RNs) provide and coordinate patient care and educate patients and the public about various health conditions. Rehabilitation counselors work with clients to overcome or manage the personal, social, or psychological effects of disabilities on employment or independent living. School counselors help students develop academic and social skills. Career counselors and advisors help people choose a path to employment. Social and community service managers coordinate and supervise programs and organizations that support public well-being. Social and human service assistants provide client services in a variety of fields, such as psychology, rehabilitation, and social work. Social workers help people prevent and cope with problems in their everyday lives. Health education specialists develop programs to teach people about conditions affecting well-being. Probation officers and correctional treatment specialists assist in rehabilitating law offenders in custody or on probation or parole."
307,Surgical Assistant or Technologist,60370.0,"Surgical assistants and technologists help with surgical operations. Surgical assistants, also called surgical first assistants, help surgeons with tasks such as making incisions, placing clamps, and closing surgical sites. Surgical technologists, also called operating room technicians, prepare operating rooms, arrange equipment, and help doctors and first assistants during surgeries.  Prepare operating rooms for surgery surgical first assistants ",Surgical assistants and technologists typically need a certificate or an associate’s degree. Employers may require or prefer that workers have certification. Some states regulate these workers.   Communication.  ,Most surgical assistants and technologists work in hospitals. They spend much of their time on their feet.,"surgical assistants and technologists.    Dental assistants provide patient care, take x rays, keep records, and schedule appointments. Licensed practical nurses (LPNs) and licensed vocational nurses (LVNs) provide basic medical care. Clinical laboratory technologists and technicians perform medical laboratory tests for the diagnosis, treatment, and prevention of disease. Medical assistants complete administrative and clinical tasks, such as scheduling appointments and taking patients’ vital signs. Physicians and surgeons diagnose and treat injuries or illnesses and address health maintenance. Registered nurses (RNs) provide and coordinate patient care and educate patients and the public about various health conditions."
308,Surveying or Mapping Technician,48940.0,"Surveying and mapping technicians collect data and make maps of the Earth’s surface. They may calculate mapmaking information and create maps from surveying notes, satellite data, or other sources to show features such as topography and boundaries. They assist surveyors and cartographers and photogrammetrists.  Visit sites to record survey measurements and other descriptive data GIS technicians ",Surveying and mapping technicians typically need a high school diploma. Some employers prefer to hire candidates who have additional education or have experience with Geographic Information Systems (GIS) or other technology.   Communication skills.  ,"Although they spend some time in an office setting, surveying and mapping technicians may work outdoors in all types of weather to conduct fieldwork. Most surveying and mapping technicians work full time, and some work more than 40 hours per week.","surveying and mapping technicians.    Architects plan and design houses, factories, office buildings, and other structures. Cartographers and photogrammetrists collect, analyze, and interpret geographic information to create and update maps and related products. Drafters use software to convert the designs of engineers and architects into technical drawings. Landscape architects design parks and other outdoor spaces. Surveyors make precise measurements to determine property boundaries. Civil engineering technologists and technicians help civil engineers plan, design, and build infrastructure and development projects. Construction and building inspectors ensure that construction meets building codes and ordinances, zoning regulations, and contract specifications. Geological and hydrologic technicians support scientists and engineers in exploring, extracting, and monitoring natural resources."
309,Surveyor,68540.0,"Surveyors make precise measurements to determine property boundaries. They provide data relevant to features of the Earth’s surface, such as shape and contour, for engineering, mapmaking, construction, and other purposes.  Search legal records, survey records, and land titles to obtain information about property boundaries in areas to be surveyed Boundary  ",Surveyors typically need a bachelor’s degree to enter the occupation. They must be licensed before they can certify legal documents and provide surveying services to the public.   Communication skills. ,"Surveying involves both fieldwork and office work. When working outside, surveyors may stand for long periods and walk long distances, sometimes in bad weather. Most surveyors work full time.","surveyors.    Cartographers and photogrammetrists collect, analyze, and interpret geographic information to create and update maps and related products. Civil engineers plan, design, and supervise the construction and maintenance of building and infrastructure projects. Civil engineering technologists and technicians help civil engineers plan, design, and build infrastructure and development projects. Construction and building inspectors ensure that construction meets building codes and ordinances, zoning regulations, and contract specifications. Drafters use software to convert the designs of engineers and architects into technical drawings. Geographers study the Earth and the distribution of its land, features, and inhabitants. Hydrologists study water and how it moves across and through the Earth’s crust. Landscape architects design parks and other outdoor spaces. Surveying and mapping technicians collect data and make maps of the Earth's surface. Urban and regional planners develop comprehensive plans and programs for use of land and physical facilities in cities, counties, metropolitan areas, and other jurisdictions."
310,Survey Researcher,60960.0,"Survey researchers design surveys and analyze data. Surveys are used to collect factual data, such as employment and salary information, or to ask questions in order to understand people’s opinions, preferences, beliefs, or desires.  Conduct background research on survey topics  ","Survey researchers typically need at least a master’s degree to enter the occupation. However, a bachelor’s degree may be sufficient for some entry-level positions.   Analytical skills. ","Most survey researchers work in research firms, polling organizations, nonprofits, corporations, colleges and universities, and government agencies. The majority work full time during regular business hours.","survey researchers.    Advertising, promotions, and marketing managers plan programs to generate interest in products or services. Advertising sales agents sell promotional space to businesses and individuals. Data scientists use analytical tools and techniques to extract meaningful insights from data. Economists conduct research, prepare reports, and evaluate issues related to monetary and fiscal policy. They also may collect and analyze statistical data. Market research analysts study consumer preferences, business conditions, and other factors to assess potential sales of a product or service. Mathematicians and statisticians analyze data and apply computational techniques to solve problems. Operations research analysts use mathematics and logic to help solve complex issues. Political scientists study the origin, development, and operation of political systems. Project management specialists coordinate the budget, schedule, staffing, and other details of a project. Psychologists study cognitive, emotional, and social processes and behavior by observing, interpreting, and recording how people relate to one another and to their environments. Sociologists study society and social behavior by examining the groups, cultures, social institutions, and processes that develop when people interact and work together."
311,"Tax Examiner or Collector, or Revenue Agent",58530.0,"Tax examiners and collectors, and revenue agents determine how much is owed in taxes and collect tax from individuals and businesses on behalf of federal, state, and local governments. They review tax returns, conduct audits, identify taxes owed, and collect overdue tax payments.  Review filed tax returns to determine whether credits and deductions claimed are allowed by law Tax examiners ","Tax examiners and collectors, and revenue agents typically need a bachelor’s degree in accounting or a related field. However, the required level of education and experience varies with the position and employer.   Analytical skills. ","Tax examiners and collectors, and revenue agents work for federal, state, and local governments. Many work primarily in an office setting; others spend most of their time doing field audits in taxpayers’ homes or places of business. Most tax examiners and collectors, and revenue agents work full time.","tax examiners and collectors, and revenue agents.    Accountants and auditors prepare and examine financial records. Budget analysts help public and private organizations plan their finances. Cost estimators collect and analyze data in order to assess the time, money, materials, and labor required to make a product or provide a service. Financial analysts guide businesses and individuals in decisions about expending money to attain profit. Financial managers create financial reports, direct investment activities, and develop plans for the long-term financial goals of their organization. Loan officers evaluate, authorize, or recommend approval of loan applications. Personal financial advisors provide advice to help individuals manage their money and plan for their financial future. Bookkeeping, accounting, and auditing clerks compute, classify, and record data to help organizations keep complete and accurate financial records. Financial examiners ensure compliance with laws that govern institutions handling monetary transactions. Human resources specialists recruit, screen, and interview job applicants and place newly hired workers in jobs. They also may handle compensation and benefits, training, and employee relations."
312,"Taxi Driver, Shuttle Driver, or Chauffeur",35180.0,"Taxi drivers (including ride-hailing drivers), shuttle drivers, and chauffeurs drive people to and from the places they need to go, such as homes, workplaces, airports, and shopping centers.  Drive taxicabs, vans, limousines, or other motor vehicles to transport passengers Taxi drivers ","Taxi drivers, shuttle drivers, and chauffeurs typically have no formal educational requirements, although many drivers have a high school diploma or equivalent. They typically get brief on-the-job training. They also may need a special driver’s license, such as a taxi or limousine license. Clean driving records and background checks are sometimes required.   Customer-service skills. ","Some taxi drivers, shuttle drivers, and chauffeurs work part time. Work schedules vary and may include early mornings, evenings, or weekends.","taxi drivers, shuttle drivers, and chauffeurs.    Bus drivers transport people between various places. Delivery truck drivers and driver/sales workers pick up, transport, and drop off packages and small shipments within a local region or urban area. Heavy and tractor-trailer truck drivers transport goods from one location to another. Railroad workers ensure that passenger and freight trains operate safely. They may drive trains, coordinate the activities of the trains, or control signals and switches in the rail yard. Water transportation workers operate and maintain vessels that take cargo and people over water."
313,Teacher Assistant,35550.0,Teacher assistants work with a licensed teacher to give students additional attention and instruction.  Reinforce lessons by reviewing material with students one-on-one or in small groups teacher aides ,"To enter the occupation, teacher assistants typically need to have completed at least 2 years of college coursework.   Communication skills. ","Teacher assistants typically work in schools, at childcare centers, and for religious organizations. Most work full time, although part-time work is common. They generally do not work during the summer.","teacher assistants.    Career and technical education teachers instruct students in various technical and vocational subjects, such as auto repair, healthcare, and culinary arts. Childcare workers attend to children's needs while helping to foster early development. High school teachers teach academic lessons and various skills that students will need to attend college and to enter the job market. Kindergarten and elementary school teachers instruct young students in basic subjects in order to prepare them for future schooling. Library technicians and assistants help librarians with all aspects of running a library. Middle school teachers educate students, typically in sixth through eighth grades. Occupational therapy assistants and aides help occupational therapists provide treatments and procedures to clients, or they do routine tasks such as preparing treatment rooms. Preschool teachers educate and care for children younger than age 5 who have not yet entered kindergarten. Special education teachers work with students who have a wide range of learning, mental, emotional, and physical disabilities."
314,Technical Writer,80050.0,"Technical writers, also called technical communicators, prepare instruction manuals, how-to guides, journal articles, and other supporting documents to communicate complex and technical information more easily. They also develop, gather, and disseminate technical information through an organization’s communications channels.  Determine the needs of users of technical documentation technical communicators ","Technical writers typically need a bachelor's degree to enter the occupation. In addition, knowledge of or experience with a technical subject, such as science or engineering, is beneficial.   Critical-thinking skills ","Most technical writers work full time. Although technical writers work in a variety of industries, they are concentrated in the computer and management, scientific, and technical industries.","technical writers.    Computer hardware engineers research, design, develop, and test computer systems and components. Computer programmers write, modify, and test code and scripts that allow computer software and applications to function properly. Editors plan, review, and revise content for publication. Interpreters and translators convert information from one language into another language. Public relations managers direct the creation of materials that will enhance the public image of their employer or client. Fundraising managers coordinate campaigns that bring in donations for their organization. Public relations specialists create and maintain a positive public image for the clients they represent. Writers and authors develop written content for various types of media."
315,Telecommunications Technician,62350.0,"Telecommunications technicians, also known as telecom technicians, install and maintain telecommunications infrastructure. They set up and fix different types of devices or equipment that carry communications signals, such as internet routers and fiber optic lines.  Install telecommunications lines or equipment telecom technicians ",Telecommunications technicians typically need at least a high school diploma or equivalent to enter the occupation. Employers may prefer to hire candidates who have a certificate or associate’s degree. These workers also receive on-the-job training.   Ability to work at heights.  ,Most telecommunications technicians work full time. They may have to work night or weekend shifts to maintain or repair telecommunications networks. Technicians travel frequently to installation and repair sites.,"telecommunications technicians.    Broadcast, sound, and video technicians set up, operate, and maintain the electrical equipment for media programs. Electrical and electronics installers and repairers install or repair a variety of electrical equipment. Electrical power-line installers and repairers install or repair cables or wires used in electrical power or distribution systems."
316,Teller,37640.0,"Tellers process routine transactions, such as cashing checks and depositing money, at a bank or credit union.  Count the cash in their drawer at the start of their shift Head tellers ","To enter the occupation, tellers typically need a high school diploma; they also may need to pass a background check. Once hired, they receive training on the job.   Communication skills.  ",Tellers usually work in branches of banks or credit unions. Most work full time.,"tellers.    Bookkeeping, accounting, and auditing clerks compute, classify, and record data to help organizations keep complete and accurate financial records. Cashiers process payments and disburse money in retail settings. Customer service representatives interact with customers to handle complaints, process orders, and answer questions. Information clerks perform routine clerical duties, maintain records, collect data, and provide information to customers. Loan officers evaluate, authorize, or recommend approval of loan applications. Receptionists do tasks such as answering phones, receiving visitors, and providing information about their organization to the public."
317,Top Executive,103840.0,"Top executives plan strategies and policies to ensure that an organization meets its goals. They coordinate and direct work activities of companies and organizations.  Establish and carry out departmental or organizational goals, policies, and procedures Chief executive officers (CEOs) ",Top executives typically need at least a bachelor’s degree and considerable work experience to enter the occupation.   Communication skills. ,"Top executives work in nearly every industry, for both small and large organizations. They often have irregular schedules, which may include working evenings and weekends. Travel is common, particularly for chief executives.","top executives.    Administrative services and facilities managers plan, direct, and coordinate activities that help an organization run efficiently. Advertising, promotions, and marketing managers plan programs to generate interest in products or services. Architectural and engineering managers plan, direct, and coordinate activities in the fields of architecture and engineering. Computer and information systems managers plan, coordinate, and direct computer-related activities in an organization. Construction managers plan, coordinate, budget, and supervise construction projects from start to finish. Financial managers create financial reports, direct investment activities, and develop plans for the long-term financial goals of their organization. Human resources managers plan, coordinate, and direct the administrative functions of an organization. Industrial production managers oversee the operations of manufacturing and related plants.  Sales managers plan, direct, or coordinate the delivery of a product or service to the customer."
318,Training and Development Manager,125040.0,"Training and development managers plan, coordinate, and direct skills- and knowledge-enhancement programs for an organization’s staff.  Oversee training and development staff  ","Candidates typically need a combination of education and related work experience to become a training and development manager. Although many positions require a bachelor’s degree, some jobs require a master’s degree.   Business skills.  ","Training and development managers work in nearly every industry. They typically work full time, spending much of their day with people. Some work more than 40 hours per week.","training and development managers.    Career and technical education teachers instruct students in various technical and vocational subjects, such as auto repair, healthcare, and culinary arts. Compensation and benefits managers plan, develop, and oversee programs to pay employees. Compensation, benefits, and job analysis specialists oversee wage and nonwage programs that an organization provides to its employees in return for their work. They also evaluate position descriptions to determine details such as classification and salary. Human resources managers plan, coordinate, and direct the administrative functions of an organization. Human resources specialists recruit, screen, and interview job applicants and place newly hired workers in jobs. They also may handle compensation and benefits, training, and employee relations. Instructional coordinators oversee school curriculums and teaching standards. They develop instructional material, implement it, and assess its effectiveness. Postsecondary education administrators oversee student services, academics, and faculty research at colleges and universities. School counselors help students develop academic and social skills. Career counselors and advisors help people choose a path to employment. Training and development specialists plan and administer programs that improve the skills and knowledge of their employees. Labor relations specialists resolve employee-management disputes and negotiate labor contracts."
319,Training and Development Specialist,64340.0,"Training and development specialists plan and administer programs that train employees and improve their skills and knowledge.  Assess training needs through surveys, interviews with employees, or consultations with managers or instructors  ","Training and development specialists typically need a bachelor’s degree and related work experience. However, candidates who do not have a bachelor’s degree sometimes qualify for jobs if they have relevant experience.   Analytical skills. ","Training and development specialists work in nearly every industry. They spend much of their time working with people, giving presentations, and leading training activities.","training and development specialists.    Career and technical education teachers instruct students in various technical and vocational subjects, such as auto repair, healthcare, and culinary arts. Compensation and benefits managers plan, develop, and oversee programs to pay employees. Compensation, benefits, and job analysis specialists oversee wage and nonwage programs that an organization provides to its employees in return for their work. They also evaluate position descriptions to determine details such as classification and salary. Human resources managers plan, coordinate, and direct the administrative functions of an organization. Human resources specialists recruit, screen, and interview job applicants and place newly hired workers in jobs. They also may handle compensation and benefits, training, and employee relations. Instructional coordinators oversee school curriculums and teaching standards. They develop instructional material, implement it, and assess its effectiveness. Labor relations specialists resolve employee-management disputes and negotiate labor contracts. Project management specialists coordinate the budget, schedule, staffing, and other details of a project. School counselors help students develop academic and social skills. Career counselors and advisors help people choose a path to employment. Training and development managers plan, coordinate, and direct skills- and knowledge-enhancement programs for an organization’s staff."
320,"Transportation, Storage, and Distribution Manager",99200.0,"Transportation, storage, and distribution managers plan, direct, or coordinate transportation, storage, or distribution activities.  Plan, organize, and oversee staff to ensure efficient operations Transportation managers ","Transportation, storage, and distribution managers typically need a high school diploma, although some employers prefer or require a bachelor’s degree. They also need related work experience to enter the occupation.   Communication skills. ","Most transportation, storage, and distribution managers work full time, and some work more than 40 hours per week.","transportation, storage, and distribution managers.    Administrative services and facilities managers plan, direct, and coordinate activities that help an organization run efficiently. Heavy and tractor-trailer truck drivers transport goods from one location to another. Industrial production managers oversee the operations of manufacturing and related plants. Logisticians analyze and coordinate an organization’s supply chain. Project management specialists coordinate the budget, schedule, staffing, and other details of a project. Buyers and purchasing agents buy products and services for organizations. Purchasing managers oversee the work of buyers and purchasing agents. Top executives plan strategies and policies to ensure that an organization meets its goals. Training and development managers plan, coordinate, and direct skills- and knowledge-enhancement programs for an organization’s staff."
321,Travel Agent,47410.0,"Travel agents sell transportation, lodging, and admission to entertainment activities to individuals and groups planning trips. They offer advice on destinations, plan trip itineraries, and make travel arrangements for clients.  Arrange travel for business and vacation clients Leisure travel agents  ","A high school diploma typically is required to become a travel agent. However, employers may prefer to hire candidates who have sales experience or relevant certification or education. Communication and customer service skills are essential.   Communication skills. ","Travel agents typically spend much of their day sitting, working on the phone and on the computer. Most travel agents work for travel agencies; many are self-employed.","travel agents.    Information clerks perform routine clerical duties, maintain records, collect data, and provide information to customers. Meeting, convention, and event planners arrange all aspects of events and professional gatherings. Secretaries and administrative assistants do routine clerical and organizational tasks."
322,Tutor,39580.0,Tutors instruct students individually or in small groups to support formal class instruction or improve academic performance. Some tutors prepare students for standardized or admissions tests.  Set goals with students Language and ESL tutors  ,"Tutors typically need to have completed some college courses, specifically in the subjects that they want to teach. However, education requirements vary. Some employers do not require credentials; others prefer to hire tutors who have a bachelor's degree.     Communication skills.  ","Most tutors work part time, and their schedules may vary. For example, they may work evenings and weekends and may have more hours during the school year or leading up to standardized test dates.","tutors.    Adult basic and secondary education and ESL (English as a Second Language) teachers instruct adults in fundamental skills, such as reading and speaking English. They also help students earn their high school equivalency credential. High school teachers teach academic lessons and various skills that students will need to attend college and to enter the job market. Kindergarten and elementary school teachers instruct young students in basic subjects in order to prepare them for future schooling. Middle school teachers educate students, typically in sixth through eighth grades. Postsecondary teachers instruct students in a variety of academic subjects beyond the high school level. School counselors help students develop academic and social skills. Career counselors and advisors help people choose a path to employment. Special education teachers work with students who have a wide range of learning, mental, emotional, and physical disabilities. Teacher assistants work with a licensed teacher to give students additional attention and instruction."
323,"Umpire, Referee, or Other Sports Official",35820.0,"Umpires, referees, and other sports officials preside over competitive athletic or sporting events to help maintain standards of play. They detect infractions and decide penalties according to the rules of the game.  Officiate sporting competitions  ","Requirements for umpires, referees, and other sports officials typically vary by state and local sports association. Although some positions have no formal education requirements, others may require a high school diploma. Officiating sports requires extensive knowledge of the rules of the game.   Communication skills ","Part-time, seasonal work is common for umpires, referees, and other sports officials. Schedules may vary, and they often work irregular hours that including evenings, weekends, and holidays. Officials working outdoors are exposed to all types of weather conditions.","umpires, referees, and other sports officials.    Athletes and sports competitors participate in organized, officiated sporting events to entertain spectators. Coaches teach amateur or professional athletes the skills they need to succeed at their sport. Scouts evaluate athletes as possible recruits."
324,Urban or Regional Planner,81800.0,"Urban and regional planners develop comprehensive plans and programs for use of land and physical facilities in cities, counties, metropolitan areas, and other jurisdictions.  Meet with stakeholders such as government officials, developers, and the public regarding development plans and land use  ",Urban and regional planners typically need a bachelor’s or master’s degree from an accredited planning program to enter the occupation. Employers may prefer or require planners to be certified.   Analytical skills.  ,"Urban and regional planners usually work in an office setting and may travel to visit proposed sites. Most work full time, and some work evenings or weekends to attend meetings.","urban and regional planners.    Architects plan and design houses, factories, office buildings, and other structures. Cartographers and photogrammetrists collect, analyze, and interpret geographic information to create and update maps and related products. Civil engineers plan, design, and supervise the construction and maintenance of building and infrastructure projects. Economists conduct research, prepare reports, and evaluate issues related to monetary and fiscal policy. They also may collect and analyze statistical data. Geographers study the Earth and the distribution of its land, features, and inhabitants. Landscape architects design parks and other outdoor spaces. Market research analysts study consumer preferences, business conditions, and other factors to assess potential sales of a product or service. Surveyors make precise measurements to determine property boundaries. Survey researchers design and conduct surveys and analyze data. Political scientists study the origin, development, and operation of political systems."
325,Veterinarian,119100.0,"Veterinarians care for the health of animals and work to protect public health. They diagnose, treat, and research medical conditions and diseases of pets, livestock, and other animals.  Examine animals to assess their health and diagnose problems Companion animal veterinarians ","Veterinarians must have a Doctor of Veterinary Medicine degree from an accredited veterinary college, as well as a state license.   Communication skills ","Most veterinarians work in private clinics and hospitals. Others travel to farms or work in settings such as laboratories, classrooms, or zoos.","veterinarians.    Agricultural and food scientists research ways to improve the efficiency and safety of agricultural establishments and products. Animal care and service workers attend to or train animals. Dentists diagnose and treat problems with patients’ teeth, gums, and related parts of the mouth. Medical scientists conduct research aimed at improving overall human health. Microbiologists study microorganisms such as bacteria, algae, and fungi. Optometrists diagnose, manage, and treat conditions and diseases of the human eye and visual system, including examining eyes and prescribing corrective lenses. Physicians and surgeons diagnose and treat injuries or illnesses and address health maintenance. Veterinary assistants and laboratory animal caretakers handle routine animal care and help scientists,veterinarians, and others with their daily tasks. Veterinary technologists and technicians do medical tests that help diagnose animals’ injuries and illnesses. Zoologists and wildlife biologists study animals, those both in captivity and in the wild, and how they interact with their ecosystems."
326,Veterinary Assistant or Laboratory Animal Caretaker,36440.0,"Veterinary assistants and laboratory animal caretakers handle routine animal care and help scientists, veterinarians, and  veterinary technologists and technicians with their daily tasks.  Feed, bathe, and exercise animals Veterinary assistants ",Most veterinary assistants and laboratory animal caretakers have a high school diploma or equivalent and learn the occupation on the job. Experience working with or being around animals may be helpful for jobseekers.   Communication skills. ,"Veterinary assistants and laboratory animal caretakers work mainly in clinics, animal hospitals, and research laboratories. Their work may be physically and emotionally demanding.","veterinary assistants and laboratory animal caretakers.    Animal care and service workers attend to or train animals. Dental assistants provide patient care, take x rays, keep records, and schedule appointments. Nursing assistants provide basic care and help patients with activities of daily living. Orderlies transport patients and clean treatment areas. Phlebotomists draw blood for tests, transfusions, research, or blood donations. Surgical assistants and technologists help with surgical operations. Veterinarians care for the health of animals and work to protect public health. Veterinary technologists and technicians do medical tests that help diagnose animals’ injuries and illnesses."
327,Veterinary Technologist or Technician,43740.0,"Veterinary technologists and technicians, supervised by licensed veterinarians, do medical tests that help diagnose animals’ injuries and illnesses.  Observe the behavior and condition of animals Veterinary technologists ","Veterinary technologists and technicians must complete a postsecondary program in veterinary technology. Technologists usually need a 4-year bachelor’s degree, and technicians need a 2-year associate’s degree. Typically, both technologists and technicians must pass a credentialing exam to become registered, licensed, or certified, depending on the requirements of the state in which they work.   Communication skills. ","Veterinary technologists and technicians work in private clinics, laboratories, and animal hospitals. Their jobs may be physically or emotionally demanding. Many work evenings, weekends, or holidays.","veterinary technologists and technicians.    Animal care and service workers attend to or train animals. Radiologic technologists perform diagnostic imaging examinations on patients. MRI technologists operate magnetic resonance imaging (MRI) scanners to create diagnostic images. Clinical laboratory technologists and technicians perform medical laboratory tests for the diagnosis, treatment, and prevention of disease. Phlebotomists draw blood for tests, transfusions, research, or blood donations. Surgical assistants and technologists help with surgical operations. Veterinarians care for the health of animals and work to protect public health. Veterinary assistants and laboratory animal caretakers handle routine animal care and help scientists,veterinarians, and others with their daily tasks."
328,Waiter or Waitress,31940.0,"Waiters and waitresses take orders and serve food and beverages to customers in dining establishments.  Greet customers, explain daily specials, and answer questions related to the menu servers ",Waiters and waitresses typically do not need formal education or related work experience to enter the occupation. They typically learn through on-the-job training that lasts 1 month or less.   Communication skills. ,"Waiters and waitresses work in restaurants, bars, hotels, and other food-serving and drinking establishments. Part-time work is common, and schedules may vary to include early mornings, late evenings, weekends, and holidays.","waiters and waitresses.    Bartenders mix drinks and serve them directly to customers or through wait staff. Cashiers process payments and disburse money in retail settings. Flight attendants provide routine services and respond to emergencies to ensure the safety and comfort of airline passengers. Food and beverage serving and related workers take and prepare orders, clear tables, and do other tasks associated with providing food and drink to customers. Retail sales workers sell merchandise, spare and replacement parts, and equipment to customers. Food service managers are responsible for the daily operation of restaurants or other establishments that prepare and serve food and beverages."
329,Water or Wastewater Treatment Plant and System Operator,54890.0,"Water and wastewater treatment plant and system operators manage a system of machines, often through the use of control boards, to transfer or treat water or wastewater.  Add chemicals, such as ammonia or chlorine, to disinfect water or other liquids Water treatment plant and system operators ",Water and wastewater treatment plant and system operators typically need at least a high school diploma or equivalent and a license to work. They also complete on-the-job training.   Analytical skills. ,Most water and wastewater treatment plant and system operators are employed by local government. Water and wastewater treatment plant and system operators typically work full time.,"water and wastewater treatment plant and system operators.    Construction equipment operators drive, maneuver, or control the heavy machinery used to construct roads, buildings, and other structures. General maintenance and repair workers fix and maintain machines, mechanical equipment, and buildings. Power plant operators, distributors, and dispatchers control the systems that generate and distribute electric power. Stationary engineers and boiler operators control stationary engines, boilers, or other mechanical equipment. Hydrologists study water and how it moves across and through the Earth’s crust. Hazardous materials removal workers identify and dispose of harmful substances such as asbestos, lead, and radioactive waste."
330,Water Transportation Worker,64930.0,"Water transportation workers operate and maintain vessels that take cargo and people over water. The vessels travel to and from foreign ports across the ocean and to domestic ports along the coasts, across the Great Lakes, and along the country’s many inland waterways.  Operate and maintain nonmilitary vessels at sea Captains ","Education and training requirements for water transportation workers vary by occupation. There are no educational requirements for entry-level sailors and marine oilers, but other water transportation workers typically complete U.S. Coast Guard (USCG)-approved training programs. Most water transportation jobs require the Transportation Worker Identification Credential from the Transportation Security Administration (TSA) and a Merchant Mariner Credential, plus related endorsements, from the Coast Guard.    Customer-service skills ","Most water transportation workers are full time, and many work more than 40 hours per week. Schedules vary and may require workers to spend long periods away from home. These workers may be exposed to all kinds of weather.","water transportation workers.    Fishing and hunting workers catch and trap various types of animal life. Heavy and tractor-trailer truck drivers transport goods from one location to another. Heavy vehicle and mobile equipment service technicians inspect, maintain, and repair vehicles and machinery used in construction, farming, and other industries. Material moving machine operators use equipment to transport objects. Railroad workers ensure that passenger and freight trains operate safely. They may drive trains, coordinate the activities of the trains, or control signals and switches in the rail yard. Stationary engineers and boiler operators control stationary engines, boilers, or other mechanical equipment. Hand laborers and material movers manually move freight, stock, or other materials. Airline and commercial pilots fly and navigate airplanes, helicopters, and other aircraft."
331,Web Developer or Digital Designer,92750.0,"Web developers create and maintain websites. They are also responsible for the site’s technical aspects, such as its performance and capacity, which are measures of a website’s speed and how much traffic the site can handle. In addition, web developers may create content for the site. Digital designers develop, create, and test website or interface layout, functions, and navigation for usability. They are responsible for the look and functionality of the website or interface.  Meet with clients or management to discuss the needs, design, and functionality of a website or interface Back-end web developers ","Educational requirements vary for web developers and digital designers, based on work setting and other factors.   Communication skills ","Some web developers and digital designers work in the computer systems design and related services industry. Others are self-employed. Still others work in industries including publishing, management consulting, and advertising.","web developers and digital designers.    Computer and information systems managers plan, coordinate, and direct computer-related activities in an organization. Computer programmers write, modify, and test code and scripts that allow computer software and applications to function properly. Computer support specialists maintain computer networks and provide technical help to computer users. Computer systems analysts study an organization’s current computer systems and design ways to improve efficiency. Database administrators and architects create or organize systems to store and secure data. Information security analysts plan and carry out security measures to protect an organization’s computer networks and systems. Graphic designers create visual concepts, using computer software or by hand, to communicate ideas that inspire, inform, and captivate consumers. Special effects artists and animators create images that appear to move and visual effects for various forms of media and entertainment. Software developers design computer applications or programs. Software quality assurance analysts and testers identify problems with applications or programs and report defects."
332,"Welder, Cutter, Solderer, or Brazer",48940.0,"Welders, cutters, solderers, and brazers use hand-held or remotely controlled equipment to join or cut metal parts. They also fill holes, indentations, or seams in metal products.  Read and interpret blueprints, sketches, and specifications Welders ","Welders, cutters, solderers, and brazers typically need a high school diploma or equivalent, combined with technical and on-the-job training, to enter the occupation.   Detail oriented ","Welders, cutters, solderers, and brazers may work outdoors in all types of weather, or they may work indoors, sometimes in a confined area. Most work full time, and some work more than 40 hours per week.","welders, cutters, solderers, and brazers.    Assemblers and fabricators build finished products and the parts that go into them. Boilermakers assemble, install, maintain, and repair boilers, closed vats, and other large vessels or containers that hold liquids and gases. Industrial machinery mechanics, machinery maintenance workers, and millwrights install, maintain, and repair factory equipment and other industrial machinery. Jewelers and precious stone and metal workers design, construct, adjust, repair, appraise and sell jewelry and related products. Machinists and tool and die makers set up and operate equipment to produce precision metal parts, instruments, and tools. Metal and plastic machine workers set up and operate equipment that cuts, shapes, and forms metal and plastic materials or pieces. Plumbers, pipefitters, and steamfitters install and repair piping fixtures and systems. Sheet metal workers fabricate or install products that are made from thin metal sheets."
333,Wholesale or Manufacturing Sales Representative,73080.0,"Wholesale and manufacturing sales representatives sell goods for wholesalers or manufacturers to businesses, government agencies, and other organizations. They contact customers, explain the features of the products they are selling, negotiate prices, and answer any questions that their customers may have about the products.  Identify prospective customers by using business directories, following leads from existing clients, and attending trade shows and conferences manufacturers’ representatives ","Educational requirements vary with the type of product sold. If the products are not scientific or technical, a high school diploma is generally enough for entry into the occupation. If the products are scientific or technical, sales representatives typically need at least a bachelor’s degree.   Customer-service skills. ",Wholesale and manufacturing sales representatives work under pressure because their income and job security depend on the amount of merchandise they sell. Some sales representatives travel frequently.,"wholesale and manufacturing sales representatives.    Advertising sales agents sell promotional space to businesses and individuals. Insurance sales agents contact potential customers and sell one or more types of insurance. Buyers and purchasing agents buy products and services for organizations. Purchasing managers oversee the work of buyers and purchasing agents. Real estate brokers and sales agents help clients buy, sell, and rent properties. Retail sales workers sell merchandise, spare and replacement parts, and equipment to customers. Sales engineers sell business products or services, such as software or support, that require technical expertise. Securities, commodities, and financial services sales agents connect buyers and sellers in financial markets. Customer service representatives interact with customers to handle complaints, process orders, and answer questions. Public relations specialists create and maintain a positive public image for the clients they represent. Sales managers plan, direct, or coordinate the delivery of a product or service to the customer."
334,Wind Turbine Technician,61770.0,"Wind turbine service technicians, also known as windtechs, maintain and repair wind turbines.  Assist engineers and ironworkers in installing new wind turbines  windtechs ","Wind turbine service technicians, also known as windtechs, typically need a postsecondary nondegree award to enter the occupation. They also typically receive on-the-job training from their employer.   windtechs ","Wind turbine service technicians generally work outdoors, in confined spaces, and often at great heights. Most windtechs work full time, and they also may be on call in the evening or on weekends.","wind turbine technicians.    Electrical and electronics installers and repairers install or repair a variety of electrical equipment. Electricians install, maintain, and repair electrical power, communications, lighting, and control systems. Elevator and escalator installers and repairers install, maintain, and fix elevators, escalators, moving walkways, and other lifts. Heating, air conditioning, and refrigeration mechanics and installers work on heating, ventilation, cooling, and refrigeration systems. Industrial machinery mechanics, machinery maintenance workers, and millwrights install, maintain, and repair factory equipment and other industrial machinery. Plumbers, pipefitters, and steamfitters install and repair piping fixtures and systems."
335,Woodworker,39390.0,"Woodworkers manufacture a variety of products, such as cabinets and furniture, using wood, veneers, and laminates. They often combine and incorporate different materials into wood.  Read detailed architectural drawings, schematics, shop drawings, and blueprints Cabinetmakers ","A high school diploma or equivalent is typically required to become a woodworker. Although some entry-level jobs may be learned in 1 month or less, becoming fully proficient may take several months to more than a year of on-the-job training. Woodworkers also must be able to use computer-controlled machinery.   Detail oriented. ","Most woodworkers are employed in manufacturing industries. Although their working conditions vary, woodworkers may encounter machinery noise and wood dust.","woodworkers.    Carpenters construct, repair, and install building frameworks and structures made from wood and other materials. Computer programmers write, modify, and test code and scripts that allow computer software and applications to function properly. Craft and fine artists use a variety of materials and techniques to create art for sale and exhibition. Jewelers and precious stone and metal workers design, construct, adjust, repair, appraise and sell jewelry and related products. Machinists and tool and die makers set up and operate equipment to produce precision metal parts, instruments, and tools. Sheet metal workers fabricate or install products that are made from thin metal sheets. Ironworkers install structural and reinforcing iron and steel to form and support buildings, bridges, and roads."
336,Writer or Author,73690.0,"Writers and authors develop content for various types of media, including advertisements; blogs; books; magazines; and movie, play, and television scripts.  Choose subjects that interests readers Biographers ","A college degree in English, communications, or journalism is generally required for a salaried position as a writer or author. Experience gained through internships or any writing that improves skill, such as blogging, is beneficial.   Adaptability. ",Writers and authors may work anywhere they have access to a computer. Many writers and authors are self-employed.,"writers and authors.    Announcers present news and sports or may interview guests on media such as radio and television. Disc jockeys (DJs) act as masters of ceremonies (emcees) or play recorded music at weddings, parties, or clubs. Editors plan, review, and revise content for publication. Public relations managers direct the creation of materials that will enhance the public image of their employer or client. Fundraising managers coordinate campaigns that bring in donations for their organization. Public relations specialists create and maintain a positive public image for the clients they represent. News analysts, reporters, and journalists keep the public updated about current events and noteworthy information. Technical writers prepare instruction manuals, how-to guides, journal articles, and other supporting documents to communicate complex and technical information more easily."
337,Zoologist or Wildlife Biologist,70600.0,"Zoologists and wildlife biologists study animals, those both in captivity and in the wild, and how they interact with their ecosystems. They focus primarily on undomesticated animals and their behavior, as well as on the impact humans have on wildlife and natural habitats.  Develop and conduct experimental studies with animals in controlled or natural surroundings  ",Zoologists and wildlife biologists typically need a bachelor’s degree for entry-level positions and may need a master’s degree for higher level jobs. They typically need a Ph.D. to lead research projects.   Attention to detail.  ,"Most zoologists and wildlife biologists work full time. Zoologists and wildlife biologists work in a variety of settings, including offices and laboratories. Depending on their job, they also may spend time outdoors, gathering data and studying animals in their natural habitats.","zoologists and wildlife biologists.    Agricultural and food scientists research ways to improve the efficiency and safety of agricultural establishments and products. Animal care and service workers attend to or train animals. Biochemists and biophysicists study the chemical and physical principles of living things and of biological processes. Biological technicians assist biological and medical scientists with tasks such as laboratory setup, data collection, and observation. Conservation scientists and foresters manage the land quality of forests, parks, rangelands, and other natural resources. Environmental scientists and specialists conduct research or investigations to protect the environment or human health. Microbiologists study microorganisms such as bacteria, algae, and fungi. Postsecondary teachers instruct students in a variety of academic subjects beyond the high school level. Veterinarians care for the health of animals and work to protect public health."
